id,yrday0_gmt,lat_start,lon_start,btm_depth_start,start_date,drogue_depth_start,drogue_depth_end,droguedia,project,institute,pi,vessel,type,manufacturer,communication,accuracy,sn,yeardays,notes ,,,,,,,,,,,,,,,,,,,,,
170380751,nan,3752.57,7524.85,nan,nan,0,-0.4,0.2,null,UMARYLAND,Meng,,Mini,UMARYLAND,GLOBALSTAR,null,1351445,nan,170380751 came ashore a few days later near Metompkin Bay,,,,,,,,,,,,,,,,,,,,,
170380753,nan,3752.64,7524.63,nan,nan,0,-0.4,0.2,null,UMaryland,Meng,,Mini,UMaryland,GLOBALSTAR,null,1352502,nan,170380753 came ashore a few days later near Metompkin Bay,,,,,,,,,,,,,,,,,,,,,
170380754,nan,3753.12,7524.72,nan,nan,0,-0.4,0.2,null,UMaryland,Meng,,Mini,UMaryland,GLOBALSTAR,null,1352503,nan,170380754 came ashore a few days later near Metompkin Bay,,,,,,,,,,,,,,,,,,,,,
170380755,nan,3752.45,7524.38,nan,nan,0,-0.4,0.2,null,UMaryland,Meng,,Mini,UMaryland,GLOBALSTAR,null,1352491,nan,170410703  Monomoy unit headed west,,,,,,,,,,,,,,,,,,,,,
170380756,nan,3806.46,7515,nan,nan,0,-0.4,0.2,null,UMaryland,Meng,,Mini,UMaryland,GLOBALSTAR,null,1352502,nan,170380756 ashore four days later in a swampy shoreline of Cedartown,,,,,,,,,,,,,,,,,,,,,
170380757,nan,3819.4,7505.14,nan,nan,0,-0.4,0.2,null,UMARYLAND,Meng,,Mini,UMARYLAND,GLOBALSTAR,null,1351445,nan,,,,,,,,,,,,,,,,,,,,,,
170380758,nan,3822.07,7505.63,nan,nan,0,-0.4,0.2,null,UMaryland,Meng,,Mini,UMaryland,GLOBALSTAR,null,1352491,nan,,,,,,,,,,,,,,,,,,,,,,
170380759,nan,3818.91,7504.98,nan,nan,0,-0.4,0.2,null,UMaryland,Meng,,Mini,UMaryland,GLOBALSTAR,null,1352503,nan,,,,,,,,,,,,,,,,,,,,,,
170410701,nan,4147.1,7016.87,nan,nan,-0.5,-1.5,1,null,Nauset,Bourque,,Irina,Nauset,GLOBALSTAR,null,1348283,nan,170410701 Nauset High  unit headed west,,,,,,,,,,,,,,,,,,,,,
170410702,nan,4148.19,7018.07,nan,nan,-0.5,-1.5,1,null,Nauset,Bourgue,,Irina,Nauset,GLOBALSTAR,null,1348290,nan,170410702 Nauset High unit headed west,,,,,,,,,,,,,,,,,,,,,
170410703,nan,4151.17,7016.46,nan,nan,-0.5,-1.5,1,null,WBWS_Monomoy_High,Bourque,,Irina,WBWS_Monomoy_High,GLOBALSTAR,null,1352485,nan,170410703  Monomoy unit headed west,,,,,,,,,,,,,,,,,,,,,
170410704,nan,4151.39,7018.06,nan,nan,-0.5,-1.5,1,null,Nauset,Bourgue,,Irina,Nauset,GLOBALSTAR,null,1350906,nan,,,,,,,,,,,,,,,,,,,,,,
170410721,nan,4110.25,7306.85,nan,nan,0,-0.5,0.25,null,UCONN,Jia,???,Bucket,UCONN,GLOBALSTAR,null,1348285,nan,170410721 ashore at Stratford Pt next morning,,,,,,,,,,,,,,,,,,,,,
170410722,nan,4110.21,7306.64,nan,nan,0,-0.5,0.25,null,UCONN,Jia,???,Bucket,UCONN,GLOBALSTAR,null,1369240,nan,,,,,,,,,,,,,,,,,,,,,,
170410723,nan,4110.05,7306.4,nan,nan,0,-0.5,0.25,null,UCONN,Jia,???,Bucket,UCONN,GLOBALSTAR,null,1369175,nan,,,,,,,,,,,,,,,,,,,,,,
170410724,nan,4110.25,7306.85,nan,nan,0,-0.5,0.25,null,UCONN,Jia,???,Bucket,UCONN,GLOBALSTAR,null,1348416,nan,170410724 headed NE outside the mouth and came ashore in Woodmont on Oct 8,,,,,,,,,,,,,,,,,,,,,
170410725,nan,4109.91,7306.25,nan,nan,0,-0.5,0.25,null,UCONN,Jia,,Bucket,UCONN,GLOBALSTAR,null,1369977,nan,170410725 aground in remote mid-river island,,,,,,,,,,,,,,,,,,,,,
170410727,nan,4053.44,7345.32,nan,nan,0,-0.5,0.25,null,UCONN,Jia,Housatonic Marine Services & Gas Dock,Bucket,UCONN,GLOBALSTAR,null,1369240,nan,170410727 ...,,,,,,,,,,,,,,,,,,,,,
170420691,nan,4211.4,7007.64,nan,nan,-0.5,-1.5,1,null,Thetford_VT_Elementary,Bradley,F/V RaiderIII,Irina,Thetford_VT_Elementary,GLOBALSTAR,null,1359184,nan,170420691 deployed by Billy Souza,,,,,,,,,,,,,,,,,,,,,
170420701,nan,4238.63,7027.9,nan,nan,-0.5,-1.5,1,null,Gloucester_Middle_School,Maderia,,Irina,Gloucester_Middle_School,GLOBALSTAR,null,1366303,nan,170420701 headed NE and then died west of Grand Banks in March 2018,,,,,,,,,,,,,,,,,,,,,
170420702,nan,4229.45,7046.04,nan,nan,-0.5,-1.5,1,null,LEAP4_education,Wilkins,???,Irina,LEAP4_education,GLOBALSTAR,null,1358464,nan,170420702 headed NE  to Jeffries Ledge and then survived for almost two years before it went down in a hurricanr in Sept 2019,,,,,,,,,,,,,,,,,,,,,
170430701,nan,4340.34,7010.58,nan,nan,-0.5,-1.5,1,null,Southern Maine Community College,Tarbox/Long,,Irina,Southern Maine Community College,GLOBALSTAR,null,1346688,nan,170430701 came ashore on Peaks Island Nov 7th after a wild run around Casco Bay,,,,,,,,,,,,,,,,,,,,,
170430702,nan,4332.41,7007.67,nan,nan,-0.5,-1.5,1,null,Southern Maine Community College,Tarbox/Long,,Irina,Southern Maine Community College,GLOBALSTAR,null,1346688,nan,170430702 deployed by Obey Spears on 28 Nov off F/V Tenacious and headed NE against prevailing wisdom but eventually came ashore on the Northeastern shore of the Bay of Fundy in Saint Croix Cove,,,,,,,,,,,,,,,,,,,,,
173380754,nan,3753.98,7523.73,nan,nan,-0.5,-1.5,1,null,UMaryland,Meng,,Irina,UMaryland,GLOBALSTAR,null,1350670,nan,,,,,,,,,,,,,,,,,,,,,,
173380759,nan,3819.64,7505.5,nan,nan,-0.5,-1.5,1,null,UMaryland,Meng,,Irina,UMaryland,GLOBALSTAR,null,1350666,nan,,,,,,,,,,,,,,,,,,,,,,
174380753,nan,3756.55,7522.84,nan,nan,0,-0.4,0.2,null,UMaryland,Meng,,Mini,UMaryland,GLOBALSTAR,null,1350668,nan,,,,,,,,,,,,,,,,,,,,,,
174380756,nan,3812.47,7542.16,nan,nan,0,-0.4,0.2,null,UMaryland,Meng,,Mini,UMaryland,GLOBALSTAR,null,1351445,nan,,,,,,,,,,,,,,,,,,,,,,
174380757,nan,3812.45,7541.09,nan,nan,0,-0.4,0.2,null,UMaryland,Meng,,Mini,UMaryland,GLOBALSTAR,null,1352502,nan,,,,,,,,,,,,,,,,,,,,,,
174410721,nan,4114.26,7221.91,nan,nan,0,-0.5,0.25,null,UCONN,Jia,,Bucket,UCONN,GLOBALSTAR,null,1369235,nan,174410721 through the Sluiceway the next day and landed on Block Island five days later,,,,,,,,,,,,,,,,,,,,,
174410722,nan,4113.77,7225.98,nan,nan,0,-0.5,0.25,null,UCONN,Jia,,Bucket,UCONN,GLOBALSTAR,null,1369749,nan,174410722 along Orient Pt shore the next day collected by Joe Bandarchuk    ,,,,,,,,,,,,,,,,,,,,,
174410723,nan,4112.54,7233.17,nan,nan,0,-0.5,0.25,null,UCONN,Jia,,Bucket,UCONN,GLOBALSTAR,null,1369240,nan,174410723 along West Greenport on 15 May near a big mansion and reported by Tom Schlecht who spotted it lobstering thinking it was a buoy and will mail transmitter back,,,,,,,,,,,,,,,,,,,,,
174410724,nan,4111.57,7240.08,nan,nan,0,-0.5,0.25,null,UCONN,Jia,,Bucket,UCONN,GLOBALSTAR,null,1348285,nan,174410724  landed on Sheffield Island off Norfork CT on 5/7 & transmitter was returned,,,,,,,,,,,,,,,,,,,,,
174410725,nan,4110.72,7247.33,nan,nan,0,-0.5,0.25,null,UCONN,Jia,,Bucket,UCONN,GLOBALSTAR,null,1350457,nan,174410725 apparently landed on Charles Island off Milford CT on 4/20 but stopped transmitting,,,,,,,,,,,,,,,,,,,,,
174410726,nan,4109.39,7247.48,nan,nan,0,-0.5,0.25,null,UCONN,Jia,,Bucket,UCONN,GLOBALSTAR,null,1348416,nan,174410726 came ashoe at Eaton's Neck in Northport,,,,,,,,,,,,,,,,,,,,,
174410727,nan,4111.14,7232.54,nan,nan,0,-0.5,0.25,null,UCONN,Jia,,Bucket,UCONN,GLOBALSTAR,null,1369977,nan,174410721 through the Sluiceway the next day and landed on Block Island five days later,,,,,,,,,,,,,,,,,,,,,
174410728,nan,4111.2,7233.2,nan,nan,0,-0.5,0.25,null,UCONN,Jia,,Bucket,UCONN,GLOBALSTAR,null,1369175,nan,174410728 stopped transmitting mid-sound (outside Northport Harbor) on Apr 27th  and transmitter found by Dan Weber at Seymours Marina in Northport on 15,,,,,,,,,,,,,,,,,,,,,
174410729,nan,4113.75,7225.75,nan,nan,0,-0.5,0.25,null,UCONN,Jia,,Bucket,UCONN,GLOBALSTAR,null,995051,nan,174410729 along Plum Island western shore the next day and recovered by Kevin Maier on 24 April who will mail in the transmitter,,,,,,,,,,,,,,,,,,,,,
174420701,nan,4246.3,7016.22,nan,nan,-0.5,-1.5,1,null,Kennebunk_High,Luetje,,Irina,Kennebunk_High,GLOBALSTAR,null,1350376,nan,174420701 Kennebunk High took traditional path towards Georges bank,,,,,,,,,,,,,,,,,,,,,
174420701,nan,4246.3,7016.22,nan,nan,-0.5,-1.5,1,null,Kennebunk_High,Luetje,,Irina,Kennebunk_High,GLOBALSTAR,null,1350376,nan,174420701 Kennebunk High took traditional path towards Georges bank,,,,,,,,,,,,,,,,,,,,,
175280891,nan,2840.84,8929.54,nan,nan,0,-0.5,0.25,null,Univ_Central_Florida,Manfsield,?,Bucket,Univ_Central_Florida,GLOBALSTAR,null,1351385,nan,,,,,,,,,,,,,,,,,,,,,,
175280892,nan,2840.86,8929.46,nan,nan,0,-0.5,0.25,null,Univ_Central_Florida,Mansfield,?,Bucket,Univ_Central_Florida,GLOBALSTAR,null,1351463,nan,,,,,,,,,,,,,,,,,,,,,,
175280893,nan,2840.61,8846.77,nan,nan,0,-0.5,0.25,null,Univ_Central_Florida,Mansfield,?,Bucket,Univ_Central_Florida,GLOBALSTAR,null,1353276,nan,,,,,,,,,,,,,,,,,,,,,,
175280894,nan,2832.78,8821.3,nan,nan,0,-0.5,0.25,null,Univ_Central_Florida,Mansfield,?,Bucket,Univ_Central_Florida,GLOBALSTAR,null,1348601,nan,,,,,,,,,,,,,,,,,,,,,,
175380751,nan,3819.43,7505.11,nan,nan,0,-0.4,0.2,null,UMaryland,Meng,Capt. Vincent Shepard on Grand Manan Adventure Ferry and R/V TIOGA,Mini,UMaryland,GLOBALSTAR,null,1350757,nan,,,,,,,,,,,,,,,,,,,,,,
175380752,nan,3821.4,7506.45,nan,nan,0,-0.4,0.2,null,UMaryland,Meng,Capt. Vincent Shepard on Grand Manan Adventure Ferry and R/V TIOGA,Mini,UMaryland,GLOBALSTAR,null,1350765,nan,,,,,,,,,,,,,,,,,,,,,,
175380753,nan,3823.89,7507.23,nan,nan,0,-0.4,0.2,null,UMaryland,Meng,Capt. Vincent Shepard on Grand Manan Adventure Ferry and R/V TIOGA,Mini,UMaryland,GLOBALSTAR,null,1350762,nan,,,,,,,,,,,,,,,,,,,,,,
175380754,nan,3819.45,7504.82,nan,nan,0,-0.4,0.2,null,UMaryland,Meng,Capt. Vincent Shepard on Grand Manan Adventure Ferry and R/V TIOGA,Mini,UMaryland,GLOBALSTAR,null,1350674,nan,,,,,,,,,,,,,,,,,,,,,,
175400721,nan,4122.56,7150.45,nan,nan,-0.5,-1.5,1,null,NESS,Horrigan,,Irina,NESS,GLOBALSTAR,null,1377495,nan,,,,,,,,,,,,,,,,,,,,,,
175400722,nan,4122.56,7150.45,nan,nan,-0.5,-1.5,1,null,NESS,Horrigan,,Irina,NESS,GLOBALSTAR,null,1378543,nan,,,,,,,,,,,,,,,,,,,,,,
175420702,nan,4229.56,7044.75,nan,nan,-0.5,-1.5,1,null,Beverly_High_GOMI,Flaherty,,Irina,Beverly_High_GOMI,GLOBALSTAR,null,1348765,nan,175420702  Beverly High looped Mass Bay headed back to the North Shore  and finally died off Cape Cod in June 2nd,,,,,,,,,,,,,,,,,,,,,
175420703,nan,4231.85,7040.72,nan,nan,-10.5,-13.5,-12,null,SSCW_Statonstall_Friday_Club_D,Flaherty,,drogue,SSCW_Statonstall_Friday_Club_D,GLOBALSTAR,null,1367080,nan,175420703 drogued drifter got caught in Mass Bay eddy beat up on the Graves rocks for a few days and then brought into the dock by Dave Waller the lighthouse keeper on 31 May,,,,,,,,,,,,,,,,,,,,,
175420704,nan,4230.02,7044.72,nan,nan,-0.5,-1.5,1,null,SSCW_Saltonstall_Friday_Club_S_GOMI,Flaherty,,Irina,SSCW_Saltonstall_Friday_Club_S_GOMI,GLOBALSTAR,null,1353274,nan,175420704 Salem Sound Club S surface drifter went in and out of Plymouth Harbor multiple times and apparently washed ashore north of  Truro's Head of the Meadow  Beach on 6 June  recovered by a couple on vacation  brought to Olivia at WBWS on June 11 and shut off by James,,,,,,,,,,,,,,,,,,,,,
175440661,nan,4451.63,6646.52,nan,nan,-0.5,-1.5,1,null,ECOHAB,McGillicuddy,Capt. Vincent Shepard on Grand Manan Adventure Ferry and R/V TIOGA,Irina,ECOHAB,GLOBALSTAR,null,1368109,nan,175440661 headed SW w/NE winds,,,,,,,,,,,,,,,,,,,,,
175440662,nan,4449.91,6648.89,nan,nan,-11.5,-14.5,-13,null,ECOHAB,McGillicuddy,Capt. Vincent Shepard on Grand Manan Adventure Ferry and R/V TIOGA,drogue,ECOHAB,GLOBALSTAR,null,1378368,nan,13m drogue headed SW w/episodic transmissions at first hugged the coast aground outside New Harbor ME until it was recovered thanks to DMR's Katherine Thompson on 6 July by the Matt Sinclair with the Maine Marine Patrol,,,,,,,,,,,,,,,,,,,,,
176320801,nan,3159.75,8058.42,nan,nan,-0.5,-1.5,1,null,Savannah_State,Hintz,?,Irina,Savannah_State,GLOBALSTAR,null,744518,nan,,,,,,,,,,,,,,,,,,,,,,
176320802,nan,3154.7,8055.15,nan,nan,-0.5,-1.5,1,null,Savannah_State,Hintz,?,Irina,Savannah_State,GLOBALSTAR,null,750042,nan,,,,,,,,,,,,,,,,,,,,,,
176380751,nan,3812.49,7541.09,nan,nan,0,-0.4,0.2,null,UMaryland,Meng,,Mini,UMaryland,GLOBALSTAR,null,1350771,nan,,,,,,,,,,,,,,,,,,,,,,
176380752,nan,3812.48,7541.08,nan,nan,0,-0.4,0.2,null,UMaryland,Meng,,Mini,UMaryland,GLOBALSTAR,null,1350766,nan,,,,,,,,,,,,,,,,,,,,,,
176380753,nan,3812.47,7541.08,nan,nan,0,-0.4,0.2,null,UMaryland,Meng,,Mini,UMaryland,GLOBALSTAR,null,1350768,nan,,,,,,,,,,,,,,,,,,,,,,
176380754,nan,3812.48,7541.08,nan,nan,0,-0.4,0.2,null,UMaryland,Meng,,Mini,UMaryland,GLOBALSTAR,null,1350767,nan,,,,,,,,,,,,,,,,,,,,,,
176400671,nan,4140.43,6453.57,nan,nan,-3.5,-6.5,-5,null,WHOI,Hernandez,R/V Bigelow,drogue,WHOI,GLOBALSTAR,null,1350654,nan,176400671 entrained in ring,,,,,,,,,,,,,,,,,,,,,
176400672,nan,4140.55,6453.24,nan,nan,-3.5,-6.5,-5,null,WHOI,Hernandez,R/V Bigelow,drogue,WHOI,GLOBALSTAR,null,1358231,nan,176400672 entrained in ring,,,,,,,,,,,,,,,,,,,,,
176400673,nan,4140.56,6453.15,nan,nan,-3.5,-6.5,-5,null,WHOI,Hernandez,R/V Bigelow,drogue,WHOI,GLOBALSTAR,null,1377555,nan,176400673 entrained in big GS ring but recovered drogueless by the Captain Katz on F/V Sea Angel from Blue harvest in Fairhaven fishing boat starting 2000Z on Aug 11th,,,,,,,,,,,,,,,,,,,,,
176420701,nan,4249.07,7036.07,nan,nan,-0.5,-1.5,1,null,Lowell_Univ,Lowell_univ,,Irina,Lowell_Univ,GLOBALSTAR,null,1377484,nan,176420701 Mellini Chen and Jake Williams Lowell_Univ unit ...,,,,,,,,,,,,,,,,,,,,,
176420702,nan,4249.08,7036.14,nan,nan,-0.5,-1.5,1,null,Bethlehem_NH,Unknown,,Irina,Bethlehem_NH,GLOBALSTAR,null,1377475,nan,176420702 Brian Smiths Betheham_NH unit circled the gulf headed home in Sept 2017  and then finally came ashore near Cape St Marys in Nove Scotia at the end of November 2017?,,,,,,,,,,,,,,,,,,,,,
176420703,nan,4248.34,7034.83,nan,nan,-0.5,-1.5,1,null,River_Valley_Charter_School,Cummings,,Irina,River_Valley_Charter_School,GLOBALSTAR,null,1377496,nan,176420703 Paddy Cummings RVCS landed on the Azorian Island of Graciosa on 16 July 2018 now in the hands of Pedro.ML.Raposo@azores.gov.pt,,,,,,,,,,,,,,,,,,,,,
176420704,nan,4248.64,7034.72,nan,nan,-0.5,-1.5,1,null,River_Valley_Charter_School,Cummings,,Irina,River_Valley_Charter_School,GLOBALSTAR,null,1351631,nan,176420704 Paddy Cummings RVCS,,,,,,,,,,,,,,,,,,,,,
176440661,nan,4454.03,6646.16,nan,nan,-0.5,-1.5,1,null,ECOHAB,McGillicuddy,Capt. Vincent Shepard on Grand Manan Adventure Ferry and R/V TIOGA,Irina,ECOHAB,GLOBALSTAR,null,1354873,nan,176440661 picked out of water 4-5 hours after deployment ran into Willy Cook's Salmon pen outside Seal Cove on the southern side of Grand Manan on 9 July so Willy used Doug Worthen's cell phone to call Laurie Murison  but then Willy redeployed it so it came ashore a few days later at Ancourage Provincial Park Campground where a group of boy scouts brought it to site 59 and office workers Shawna,,,,,,,,,,,,,,,,,,,,,
176440662,nan,4453.91,6645.98,nan,nan,-11.5,-14.5,-13,null,ECOHAB,McGillicuddy,Capt. Vincent Shepard on Grand Manan Adventure Ferry and R/V TIOGA,drogue,ECOHAB,GLOBALSTAR,null,1350386,nan,176440662 drogued unit went NW and then around to North Head Harbor and never recovered,,,,,,,,,,,,,,,,,,,,,
176440663,nan,4453.96,6653.52,nan,nan,-0.5,-1.5,1,null,ECOHAB,McGillicuddy,Capt. Vincent Shepard on Grand Manan Adventure Ferry and R/V TIOGA,Irina,ECOHAB,GLOBALSTAR,null,1354873,nan,176440663 redeployed unit went NE and eventually escaped to SW,,,,,,,,,,,,,,,,,,,,,
176440664,nan,4452.26,6646.1,nan,nan,-11.5,-14.5,-13,null,ECOHAB,McGillicuddy,Capt. Vincent Shepard on Grand Manan Adventure Ferry and R/V TIOGA,drogue,ECOHAB,GLOBALSTAR,null,1379087,nan,176440664 drogued ashore on Indian Island after a few days and never recovered,,,,,,,,,,,,,,,,,,,,,
176440665,nan,4452.36,6646.18,nan,nan,-0.5,-1.5,1,null,ECOHAB,McGillicuddy,Capt. Vincent Shepard on Grand Manan Adventure Ferry and R/V TIOGA,Irina,ECOHAB,GLOBALSTAR,null,1350347,nan,urface unit escaped to SW ran into Willy Cook's Salmon pen outside Seal Cove on the southern side of Grand Manan on 9 July so Willy used Doug Worthen's cell phone to call Laurie Murison but then Willy redeployed it so it came ashore a few days later at Ancourage Provincial Park Campground where a group of boy scouts brought it to site 59 and office workers Shawna Anna Jennifer and Peter retrieved it on 18 July recovered by Lauri Murson's husband Ken who brought it to the Capt Vincent to be redeployed as 177440662 landed on Campebello returned to WH,,,,,,,,,,,,,,,,,,,,,
176450641,nan,4313.27,6554.39,nan,nan,-0.5,-1.5,1,null,Kings_County_Academy_GOMI_NS_Acadia_Univ,Redden,???,Irina,Kings_County_Academy_GOMI_NS_Acadia_Univ,GLOBALSTAR,null,1348582,nan,176450641 Danielle LeBland Kings County Academy deployed south of Clarks Harbor ended up on Partridge Island outside St John harbor recovered by Jim Donahue of River Bay Kayak Adventures and transmitter mailed back to NS,,,,,,,,,,,,,,,,,,,,,
176450642,nan,4505.08,6422.26,nan,nan,-0.5,-1.5,1,null,Northeast_Kings_Education_Centre_GOMI_NS_Acadia_Univ,Redden,???,Irina,Northeast_Kings_Education_Centre_GOMI_NS_Acadia_Univ,GLOBALSTAR,null,1368875,nan,176450642Northeast Kings Edu Centre Bob Barton,,,,,,,,,,,,,,,,,,,,,
176450643,nan,4515.38,6501.35,nan,nan,-0.5,-1.5,1,null,Horton_High_School_GOMI_NS_Acadia_Univ,Redden,???,Irina,Horton_High_School_GOMI_NS_Acadia_Univ,GLOBALSTAR,null,1353140,nan,176450643 Horton HS Tracy Webb and Steve Millar oscillated off Harborvill NS for weeks and brought ashore in Parrsboro by an mariner in mid-July,,,,,,,,,,,,,,,,,,,,,
176450644,nan,4513.11,6503.84,nan,nan,-0.5,-1.5,1,null,Horton_High_School_GOMI_NS_Acadia_Univ,Redden,???,Irina,Horton_High_School_GOMI_NS_Acadia_Univ,GLOBALSTAR,null,1348717,nan,176450644 Horton HS Tracy Webb and Steve Millar spent time in Minas Basin and brought ashore by a mariner in Parrsboro in late June,,,,,,,,,,,,,,,,,,,,,
177230811,nan,4323.04,7032.98,nan,nan,-0.5,-1.5,1,null,Jacksonville_Marine_lab,Stalker,,Irina,Jacksonville_Marine_lab,GLOBALSTAR,null,1359063,nan,,,,,,,,,,,,,,,,,,,,,,
177230812,nan,4323.02,7032.97,nan,nan,-0.5,-1.5,1,null,Jacksonville_Marine_lab,Stalker,,Irina,Jacksonville_Marine_lab,GLOBALSTAR,null,1354458,nan,,,,,,,,,,,,,,,,,,,,,,
177230813,nan,4323.03,7032.98,nan,nan,-0.5,-1.5,1,null,Jacksonville_Marine_lab,Stalker,,Irina,Jacksonville_Marine_lab,GLOBALSTAR,null,1359223,nan,,,,,,,,,,,,,,,,,,,,,,
177250801,nan,3442.81,7508.62,nan,nan,-0.5,-1.5,1,null,Savannah_State,Hintz,,Cassie,Savannah_State,GLOBALSTAR,null,744518,nan,,,,,,,,,,,,,,,,,,,,,,
177250802,nan,2514.71,8001.92,nan,nan,-0.5,-1.5,1,null,Savannah_State,Hintz,,Cassie,Savannah_State,GLOBALSTAR,null,750042,nan,,,,,,,,,,,,,,,,,,,,,,
177420702,nan,4255.75,7028.44,nan,nan,-0.5,-1.5,1,null,ISML,Zetler,,Irina,ISML,GLOBALSTAR,null,1366978,nan,,,,,,,,,,,,,,,,,,,,,,
177420703,nan,4214.32,7047.25,nan,nan,-0.5,-1.5,1,null,CSCR,Buckley,Mr.Paul Adams,Irina,CSCR,GLOBALSTAR,null,1359299,nan,,,,,,,,,,,,,,,,,,,,,,
177420704,nan,4217.08,7041.92,nan,nan,-0.5,-1.5,1,null,CSCR,Buckley,Mr.Paul Adams,Irina,CSCR,GLOBALSTAR,null,1356823,nan,177420704 Gulf Stream to die in May 2018 beyond Gand Banks,,,,,,,,,,,,,,,,,,,,,
177420705,nan,4217.11,7041.93,nan,nan,-0.5,-1.5,1,null,CSCR,Buckley,Mr.Paul Adams,Irina,CSCR,GLOBALSTAR,null,1359066,nan,177420705 landed on Martha's Vineyard and recoverd,,,,,,,,,,,,,,,,,,,,,
177420707,nan,4217.05,7041.79,nan,nan,-0.5,-1.5,1,null,CSCR,Buckley,Mr.Paul Adams,Irina,CSCR,GLOBALSTAR,null,1358026,nan,177420707 Gulf Stream to die just north of the Azores in May 2018,,,,,,,,,,,,,,,,,,,,,
177430673,nan,4502.3,6624.06,nan,nan,0,-1,0.2,null,UNB,Rochette_Quinn,,Pipe,UNB,GLOBALSTAR,null,2575208,nan,,,,,,,,,,,,,,,,,,,,,,
177430674,nan,4502.76,6625.61,nan,nan,0,-1,0.2,null,UNB,Rochette_Quinn,,Pipe,UNB,GLOBALSTAR,null,2577962,nan,,,,,,,,,,,,,,,,,,,,,,
177430676,nan,4505.29,6618.77,nan,nan,0,-1,0.2,null,UNB,Rochette_Quinn,,Pipe,UNB,GLOBALSTAR,null,2575191,nan,,,,,,,,,,,,,,,,,,,,,,
177430677,nan,4504.73,6629.85,nan,nan,0,-1,0.2,null,UNB,Rochette_Quinn,???,Pipe,UNB,GLOBALSTAR,null,2579363,nan,,,,,,,,,,,,,,,,,,,,,,
177430679,nan,4510.94,6608.72,nan,nan,0,-1,0.2,null,UNB,Rochette_Quinn,,Pipe,UNB,GLOBALSTAR,null,2577429,nan,,,,,,,,,,,,,,,,,,,,,,
177440661,nan,4438.67,6649.88,nan,nan,-0.5,-1.5,1,null,ECOHAB,McGillicuddy,Capt. Vincent Shepard on Grand Manan Adventure Ferry and R/V TIOGA,Irina,ECOHAB,GLOBALSTAR,null,1350347,nan,,,,,,,,,,,,,,,,,,,,,,
177440662,nan,4454.35,6645.35,nan,nan,-0.5,-1.5,1,null,ECOHAB,McGillicuddy,Capt. Vincent Shepard on Grand Manan Adventure Ferry and R/V TIOGA,Irina,ECOHAB,GLOBALSTAR,null,1350347,nan,177440662 landed in Mill Creek Cove on Campobello and recovered by Joe & Laurie Finnegan,,,,,,,,,,,,,,,,,,,,,
177440663,nan,4453.15,6645.37,nan,nan,-11.5,-14.5,-13,null,ECOHAB,McGillicuddy,Capt. Vincent Shepard on Grand Manan Adventure Ferry and R/V TIOGA,drogue,ECOHAB,GLOBALSTAR,null,1378368,nan,,,,,,,,,,,,,,,,,,,,,,
177440664,nan,4454.15,6645.26,nan,nan,-0.5,-1.5,1,null,ECOHAB,McGillicuddy,Capt. Vincent Shepard on Grand Manan Adventure Ferry and R/V TIOGA,Irina,ECOHAB,GLOBALSTAR,null,1368107,nan,177440664 long trip around BoF and twice around Jordon basin gyre until finally ,,,,,,,,,,,,,,,,,,,,,
177440665,nan,4442.47,6628.93,nan,nan,-11.5,-14.5,-13,null,ECOHAB,McGillicuddy,Capt. Vincent Shepard on Grand Manan Adventure Ferry and R/V TIOGA,drogue,ECOHAB,GLOBALSTAR,null,1348191,nan,recovered by Swan's Island lobsterman Chris Sawyer stored by Michelle at Elementary School and transported by Bill Coleman to JiM's dad,,,,,,,,,,,,,,,,,,,,,
177440694,nan,4405.09,6922.93,nan,nan,0,-0.5,0.25,null,UMAINE_GH,Hillyer,,Bucket,UMAINE_GH,GLOBALSTAR,null,1356841,nan,,,,,,,,,,,,,,,,,,,,,,
177440695,nan,4405.3,6922.8,nan,nan,0,-0.5,0.25,null,UMAINE_GH,Hillyer,???,Bucket,UMAINE_GH,GLOBALSTAR,null,1356838,nan,,,,,,,,,,,,,,,,,,,,,,
177440696,nan,4405.35,6922.72,nan,nan,0,-0.5,0.25,null,UMAINE_GH,Hillyer,,Bucket,UMAINE_GH,GLOBALSTAR,null,1357538,nan,,,,,,,,,,,,,,,,,,,,,,
177440697,nan,4405.28,6922.84,nan,nan,0,-0.5,0.25,null,UMAINE_GH,Hillyer,,Bucket,UMAINE_GH,GLOBALSTAR,null,1359192,nan,,,,,,,,,,,,,,,,,,,,,,
177440698,nan,4405.31,6922.78,nan,nan,0,-0.5,0.25,null,UMAINE_GH,Hillyer,???,Bucket,UMAINE_GH,GLOBALSTAR,null,1354109,nan,,,,,,,,,,,,,,,,,,,,,,
177440699,nan,4405.26,6922.88,nan,nan,0,-0.5,0.25,null,UMAINE_GH,Hillyer,,Bucket,UMAINE_GH,GLOBALSTAR,null,1356843,nan,,,,,,,,,,,,,,,,,,,,,,
178410701,nan,4156.55,7016.86,nan,nan,-0.5,-1.5,1,null,Audubon,Prescott,,Irina,Audubon,GLOBALSTAR,null,1352814,nan,178410701 ended up in PTown harbor and recovered after circling the entire bay,,,,,,,,,,,,,,,,,,,,,
178410702,nan,4154.97,7013.59,nan,nan,-0.5,-1.5,1,null,Audubon,Prescott,,Irina,Audubon,GLOBALSTAR,null,1350769,nan,178410702 ended up in PTown harbor and recovered after circling the entire bay,,,,,,,,,,,,,,,,,,,,,
178410831,nan,4149.39,8311.38,nan,nan,-0.5,-1.5,1,null,GLERL,Ruberg,,Irina,GLERL,GLOBALSTAR,null,1350732,nan,,,,,,,,,,,,,,,,,,,,,,
178410832,nan,4147.28,8315.16,nan,nan,-0.5,-1.5,1,null,GLERL,Ruberg,?,Irina,GLERL,GLOBALSTAR,null,1368848,nan,178410832 came ashore more than a week later at Cedar Pt and ...,,,,,,,,,,,,,,,,,,,,,
178410833,nan,4145.61,8319.71,nan,nan,-0.5,-1.5,1,null,GLERL,Ruberg,?,Irina,GLERL,GLOBALSTAR,null,1352220,nan,178410833 came ashore a few days at Cedar Pt Reserved and stored at park headquarters,,,,,,,,,,,,,,,,,,,,,
178410834,nan,4136.27,8200.66,nan,nan,-0.5,-1.5,1,null,GLERL,Ruberg,?,Irina,GLERL,GLOBALSTAR,null,1354816,nan,178410834 made long excursions along the shore and ...,,,,,,,,,,,,,,,,,,,,,
178410835,nan,4132.58,8200.58,nan,nan,-0.5,-1.5,1,null,GLERL,Ruberg,,Irina,GLERL,GLOBALSTAR,null,1350740,nan,178410835 came ashore a few days later west of Cleveland where it grounded near Huntington Beach/Morrow park,,,,,,,,,,,,,,,,,,,,,
178410836,nan,4133.68,8200.62,nan,nan,-0.5,-1.5,1,null,GLERL,Ruberg,,Irina,GLERL,GLOBALSTAR,null,1369266,nan,178410836 came ashore a few days later west of Cleveland  where it grounded near the boat club and was taken to 25691 Wolf Rd,,,,,,,,,,,,,,,,,,,,,
178410837,nan,4131.56,8200.48,nan,nan,-0.5,-1.5,1,null,GLERL,Ruberg,,Irina,GLERL,GLOBALSTAR,null,1350645,nan,178410837 came ashore a few days later west of Cleveland appeared to be onshore,,,,,,,,,,,,,,,,,,,,,
178420708,nan,4248.71,7034.02,nan,nan,-0.5,-1.5,1,null,NOCK_Middle_School,Halloran,,Irina,NOCK_Middle_School,GLOBALSTAR,null,1377573,nan,178420708 NOCK Middle School with sails on wrong end of mast  taken out of water near Ptown in Sept 2017  brought to fishermans home in Marshfield,,,,,,,,,,,,,,,,,,,,,
178440661,nan,4442.2,6629.2,nan,nan,-0.5,-1.5,1,null,ECOHAB,McGillicuddy,Capt. Vincent Shepard on Grand Manan Adventure Ferry and R/V TIOGA,Irina,ECOHAB,GLOBALSTAR,null,1350347,nan,178440661 got retained in the Bay for three plus months and can ashore near Halls Harbor in mid-Nov 2017,,,,,,,,,,,,,,,,,,,,,
178440662,nan,4450.06,6646.9,nan,nan,-0.5,-1.5,1,null,ECOHAB,McGillicuddy,Capt. Vincent Shepard on Grand Manan Adventure Ferry and R/V TIOGA,Irina,ECOHAB,GLOBALSTAR,null,1353591,nan,17844062 pick out of the water by Duane who gave it to Luarie to give to Joe who brough it to JiM,,,,,,,,,,,,,,,,,,,,,
178440663,nan,4450.46,6646.46,nan,nan,-11.5,-14.5,-13,null,ECOHAB,McGillicuddy,Capt. Vincent Shepard on Grand Manan Adventure Ferry and R/V TIOGA,drogue,ECOHAB,GLOBALSTAR,null,1377494,nan,,,,,,,,,,,,,,,,,,,,,,
179410831,nan,4149.62,8311.81,nan,nan,-0.5,-1.5,1,null,GLERL,Ruberg,,Irina,GLERL,GLOBALSTAR,null,1352220,nan,179410831 headed NE and finally came ashore in Dealtown on 23 Oct,,,,,,,,,,,,,,,,,,,,,
179410832,nan,4149.5,8311.54,nan,nan,-0.5,-1.5,1,null,GLERL,Ruberg,,Irina,GLERL,GLOBALSTAR,null,1352199,nan,179410832 died mid-lake 13 Oct,,,,,,,,,,,,,,,,,,,,,
179410833,nan,4142.14,8315.24,nan,nan,-0.5,-1.5,1,null,GLERL,Ruberg,,Irina,GLERL,GLOBALSTAR,null,1354464,nan,179410833 died in Maumee Bay shallows on 1 Oct,,,,,,,,,,,,,,,,,,,,,
180380281,nan,3905.13,2800.41,nan,nan,-0.5,-1.5,1,null,River_Valley_Charter_School_Graciosa_Azores,Cummings_Raposo,,Irina,River_Valley_Charter_School_Graciosa_Azores,GLOBALSTAR,null,1377496,nan,,,,,,,,,,,,,,,,,,,,,,
180410701,nan,4151.68,7017.69,nan,nan,-0.5,-1.5,1,null,Audubon_URI,Woods,Chip/Albatross,Irina,Audubon_URI,GLOBALSTAR,null,1348290,nan,180410701 escaped the bay on Nov 20.,,,,,,,,,,,,,,,,,,,,,
180410704,nan,4150.24,7017.95,nan,nan,-0.5,-1.5,1,null,Audubon_URI,Woods,Chip/Albatross,Irina,Audubon_URI,GLOBALSTAR,null,1352814,nan,180410704 made the longest trip of any drifter deployed in CC Bay and finally came ashore ..,,,,,,,,,,,,,,,,,,,,,
180410705,nan,4150.23,7017.95,nan,nan,-3.5,-6.5,-5,null,Audubon_URI,Woods,Chip/Albatross,drogue,Audubon_URI,GLOBALSTAR,null,1352485,nan,180410705 came ashore with drogue still attached on Jeremy Point on 28 Nov 2018 and recovered,,,,,,,,,,,,,,,,,,,,,
180410707,nan,4149.94,7017.72,nan,nan,-0.5,-1.5,1,null,Audubon_URI,Woods,Chip/Albatross,Irina,Audubon_URI,GLOBALSTAR,null,1350866,nan,180410707...180410708 landed on Skaket Beach on 22 Nov and recovered along with 15 Kemp's ridleys,,,,,,,,,,,,,,,,,,,,,
180410711,nan,3936.48,7229.3,nan,nan,-0.5,-1.5,1,null,Falmouth_MA_High_School,Milliken,Karen Elizabeth,Irina,Falmouth_MA_High_School,GLOBALSTAR,null,1329251,nan,180410711 easily escaped the shelf finally entrained in the Gulf Stream in late Nov caught in enormous Gulf Stream ring,,,,,,,,,,,,,,,,,,,,,
180430701,nan,4246.77,7019.49,nan,nan,-0.5,-1.5,1,null,Winnacunnet_NH_High_School,Lisa_Pagano,Bobby Nudd/Al Gauron/Pete Kirkland,Irina,Winnacunnet_NH_High_School,GLOBALSTAR,null,1353591,nan,180430701 went dead before Azores in early Oct 2019,,,,,,,,,,,,,,,,,,,,,
184390731,nan,3937.43,7302.69,nan,nan,-0.5,-1.5,1,null,Stockton_University,Pfeiffer,Barnegat Bay NJ scalloper,Irina,Stockton_University,GLOBALSTAR,null,1366709,nan,entrained in Gulf Stream mid-May and took off to the east,,,,,,,,,,,,,,,,,,,,,
184420701,nan,4233.2,7047.24,nan,nan,-0.5,-1.5,1,null,GOMI_DMF_SSCW,Flaherty,,Irina,GOMI_DMF_SSCW,GLOBALSTAR,null,1329014,nan,184420701 did a week-long loop south of Gloucester and ended up on Goldwait Beach in Marblehead where Emily recovered it on 24 Apr,,,,,,,,,,,,,,,,,,,,,
185380751,nan,3824.03,7505.36,nan,nan,0,-0.4,0.2,null,UMARYLAND,Meng,,Mini,UMARYLAND,GLOBALSTAR,null,1351445,nan,185380751 apparently ashore on the western side of the sound near Points Reach on about 30 May,,,,,,,,,,,,,,,,,,,,,
185380752,nan,3821.47,7506,nan,nan,0,-0.4,0.2,null,UMaryland,Meng,,Mini,UMaryland,GLOBALSTAR,null,1352491,nan,185380752 apparently aground within 24 hours in shallows south of Dog & Bitch Islands,,,,,,,,,,,,,,,,,,,,,
185380753,nan,3816.97,7508.01,nan,nan,0,-0.4,0.2,null,UMaryland,Meng,,Mini,UMaryland,GLOBALSTAR,null,1350765,nan,185380753 ashore at the mouth of the inlet on day 1,,,,,,,,,,,,,,,,,,,,,
185380754,nan,3811.3,7512.83,nan,nan,0,-0.4,0.2,null,UMaryland,Meng,,Mini,UMaryland,GLOBALSTAR,null,1352503,nan,185380754 apparently ashore in Cedartown on ~30 May,,,,,,,,,,,,,,,,,,,,,
185400731,nan,4011,7046.35,nan,nan,-0.5,-1.5,1,null,Long_Beach_Island_School,McBride,scalloper,Irina,Long_Beach_Island_School,GLOBALSTAR,null,1367590,nan,185400731 apparently went down with Hurricane Chris on 11 July 2018,,,,,,,,,,,,,,,,,,,,,
185410721,nan,4118.95,7204,nan,nan,0,-0.5,0.25,null,UCONN,Jia,,Bucket,UCONN,GLOBALSTAR,null,1369240,nan,185410721 headed west by Twotree island  escaped sound on ~4 June,,,,,,,,,,,,,,,,,,,,,
185410722,nan,4118.92,7203.96,nan,nan,0,-0.5,0.25,null,UCONN,Jia,,Bucket,UCONN,GLOBALSTAR,null,1369977,nan,"18541072 came close to Fishers Island, escaped sound on ~7 June",,,,,,,,,,,,,,,,,,,,,
185420703,nan,4233.14,7047.34,nan,nan,-0.5,-1.5,1,null,GOMI_DMF_SSCW,Flaherty,,Irina,GOMI_DMF_SSCW,GLOBALSTAR,null,1329014,nan,185420703 released 2/28 at 2130Z in Manchester Harbor and apparently grounded on the north side of the Misery Island Reservation Island,,,,,,,,,,,,,,,,,,,,,
185420704,nan,4231.9,7050.38,nan,nan,-0.5,-1.5,1,null,SSCW,Flaherty,,Irina,SSCW,GLOBALSTAR,null,1367080,nan,185420704 may have come ashore the next morning on  Pope's Island rocks but then continued on for a few days to land at Littles Point rocks near Swampscot on 18 May where Emily recovered it,,,,,,,,,,,,,,,,,,,,,
185420705,nan,4230.88,7048.37,nan,nan,-0.5,-1.5,1,null,Beverly_High,Nancy,,Irina,Beverly_High,GLOBALSTAR,null,1377573,nan, 185420705 made a big 2-week long loop down to the mouth of Boston Harbor and back before being recovered by Randy Sgler in Marblehead Harbor on 29 May,,,,,,,,,,,,,,,,,,,,,
186380751,nan,3819.35,7504.88,nan,nan,0,-0.4,0.2,null,UMARYLAND,Meng,,Mini,UMARYLAND,GLOBALSTAR,null,1351445,nan,186380751 ashore in first tide after going back in the inlet,,,,,,,,,,,,,,,,,,,,,
186380752,nan,3823.23,7507.34,nan,nan,0,-0.4,0.2,null,UMaryland,Meng,,Mini,UMaryland,GLOBALSTAR,null,1352491,nan,186380752 ashore in first tide,,,,,,,,,,,,,,,,,,,,,
186380753,nan,3824.79,7510.78,nan,nan,0,-0.4,0.2,null,UMaryland,Meng,,Mini,UMaryland,GLOBALSTAR,null,1350765,nan,186380753 ashore in first tide,,,,,,,,,,,,,,,,,,,,,
186380754,nan,3819.46,7504.64,nan,nan,0,-0.4,0.2,null,UMaryland,Meng,,Mini,UMaryland,GLOBALSTAR,null,1352512,nan,186380754 ashore in first tideon beach north of the mouth,,,,,,,,,,,,,,,,,,,,,
186400731,nan,4029.22,7415.09,nan,nan,-0.5,-1.5,1,null,Seton_Hall_Prep_School,Snyder,Evening Tide Kyle Tobias,Irina,Seton_Hall_Prep_School,GLOBALSTAR,null,1377558,nan,186400731 went up Arthur Kill and back and then landing near Princes Island Lighthouse,,,,,,,,,,,,,,,,,,,,,
186400732,nan,4028.98,7415.11,nan,nan,-0.5,-1.5,1,null,Seton_Hall_Prep_School,Snyder,Evening Tide Kyle Tobias,Irina,Seton_Hall_Prep_School,GLOBALSTAR,null,1329162,nan,186400732 oscillated with tide and went out to sea,,,,,,,,,,,,,,,,,,,,,
186400733,nan,4029.71,7415.3,nan,nan,-0.5,-1.5,1,null,Seton_Hall_Prep_School,Snyder,Evening Tide Kyle Tobias,Irina,Seton_Hall_Prep_School,GLOBALSTAR,null,1377558,nan,186400733 Kyle redeployed #1  lasted less than 24 hours  and landed on the beach when a beachwalker brought it up safe,,,,,,,,,,,,,,,,,,,,,
186400734,nan,4029.81,7415.74,nan,nan,-0.5,-1.5,1,null,Seton_Hall_Prep_School,Snyder,Evening Tide Kyle Tobias,Irina,Seton_Hall_Prep_School,GLOBALSTAR,null,1377558,nan,"186400734 Kyle redeployed  #1 again  now referred to as the ""lazy one"" or the ""problem child""  lasted less than 24 hours when a Kayaker found it near the beach",,,,,,,,,,,,,,,,,,,,,
186400735,nan,4029.85,7415.14,nan,nan,-0.5,-1.5,1,null,Seton_Hall_Prep_School,Snyder,Evening Tide Kyle Tobias,Irina,Seton_Hall_Prep_School,GLOBALSTAR,null,1377558,nan,186400735 kayaker guy redeployed it,,,,,,,,,,,,,,,,,,,,,
186400736,nan,4029.87,7415.72,nan,nan,-0.5,-1.5,1,null,Seton_Hall_Prep_School,Snyder,Evening Tide Kyle Tobias,Irina,Seton_Hall_Prep_School,GLOBALSTAR,null,1377558,nan,186400736 Kyle redeployed it,,,,,,,,,,,,,,,,,,,,,
186400737,nan,4029.05,7415.21,nan,nan,-0.5,-1.5,1,null,Seton_Hall_Prep_School,Snyder,Evening Tide Kyle Tobias,Irina,Seton_Hall_Prep_School,GLOBALSTAR,null,1377558,nan,186400737 Kyle redeployed it but it came ashore 4-5 days later a little to the east of Princes Bay again near Seguina Point where Rich Casparie and others reported it,,,,,,,,,,,,,,,,,,,,,
186410721,nan,4109.79,7306.17,nan,nan,0,-0.5,0.25,null,UCONN,Jia,,Bucket,UCONN,GLOBALSTAR,null,1369175,nan,186410721 came ashore at mouth of Housatonic and reported by John De Gant who walks the Stratford Pt Beach,,,,,,,,,,,,,,,,,,,,,
186410722,nan,4109.87,7306.25,nan,nan,0,-0.5,0.25,null,UCONN,Jia,,Bucket,UCONN,GLOBALSTAR,null,1348285,nan,186410722 came ashore to the south near Long Beach Shoreline Dr.,,,,,,,,,,,,,,,,,,,,,
186410723,nan,4109.91,7306.29,nan,nan,999,999,999,null,UCONN,Jia,,unknown,UCONN,GLOBALSTAR,null,1369235,nan,186410723 longer sail apparently hungup after going up the river but eventually exited back to Short Beach Park and stayed active until July 17th when the transmitter reported from a beach claenup personnel's home near Weekapaug RI,,,,,,,,,,,,,,,,,,,,,
186410724,nan,4109.98,7306.38,nan,nan,0,-0.5,0.25,null,UCONN,Jia,,Bucket,UCONN,GLOBALSTAR,null,1348416,nan,186410724 came ashore at Hammonasset State Park on July 6th where it was brought to headquarters by Colin and recovered by Christina ...,,,,,,,,,,,,,,,,,,,,,
186410725,nan,4110.03,7306.41,nan,nan,0,-0.5,0.25,null,UCONN,Jia,,Bucket,UCONN,GLOBALSTAR,null,1369749,nan,186410725 headed northeast and eventually came aground on July 22 on Napatree Point near Watch Hill RI,,,,,,,,,,,,,,,,,,,,,
186420701,nan,4231.68,7051.47,nan,nan,-0.5,-1.5,1,null,SSCW,Flaherty,,Irina,SSCW,GLOBALSTAR,null,1367080,nan, 186420701 was deployed near shore and made its way out around Georges Bank on the southern flank in late July ...,,,,,,,,,,,,,,,,,,,,,
186420702,nan,4226.65,7041.65,nan,nan,-0.5,-1.5,1,null,Beverly_High_Sigler_Guide_Service,Nancy_Randy,,Irina,Beverly_High_Sigler_Guide_Service,GLOBALSTAR,null,1377573,nan,186420702 Randy deployed out almost to Stellwagen and it cam back to Marblehead Harbor a few days later!!,,,,,,,,,,,,,,,,,,,,,
186420703,nan,4229.66,7045.26,nan,nan,-0.5,-1.5,1,null,Beverly_High_Sigler_Guide_Service,Nancy_Randy,,Irina,Beverly_High_Sigler_Guide_Service,GLOBALSTAR,null,1377573,nan,186420703 Redeployed again by Randy,,,,,,,,,,,,,,,,,,,,,
186420704,nan,4253.31,7038.62,nan,nan,-0.5,-1.5,1,null,GOMI_Bethlehem_NH,Halloran,,Irina,GOMI_Bethlehem_NH,GLOBALSTAR,null,1328512,nan,186420704 Bethleham Unit deployed off Newburyport on June 7th and ...,,,,,,,,,,,,,,,,,,,,,
186420705,nan,4253.21,7038.6,nan,nan,-0.5,-1.5,1,null,GOMI_Bethlehem_NH,Halloran,,Irina,GOMI_Bethlehem_NH,GLOBALSTAR,null,1329015,nan,186420705 Bethleham Unit deployed off Newburyport on June 7th and ...,,,,,,,,,,,,,,,,,,,,,
186420706,nan,4252.8,7040.4,nan,nan,-0.5,-1.5,1,null,GOMI_NOCK_Middle_School,Balkus,,Irina,GOMI_NOCK_Middle_School,GLOBALSTAR,null,1358371,nan,186420706 NOCK unit deployed off Newburyport on June 7th and ...,,,,,,,,,,,,,,,,,,,,,
186420707,nan,4251.97,7041.67,nan,nan,-0.5,-1.5,1,null,GOMI_NOCK_Middle_School,Balkus,,Irina,GOMI_NOCK_Middle_School,GLOBALSTAR,null,1356761,nan,186420707 Nock deployed off Newburyport on June 7th and ...,,,,,,,,,,,,,,,,,,,,,
186430861,nan,4312.42,8627.02,nan,nan,-0.5,-1.5,1,null,GLERL,Ruberg,??,Irina,GLERL,GLOBALSTAR,null,1350740,nan,186430861 brought back to shore on ~12 June,,,,,,,,,,,,,,,,,,,,,
186430862,nan,4312.01,8634.12,nan,nan,-0.5,-1.5,1,null,GLERL,Ruberg,??,Irina,GLERL,GLOBALSTAR,null,1369266,nan,186430862 brought back to shore on ~12 June ,,,,,,,,,,,,,,,,,,,,,
186430863,nan,4311.41,8620.89,nan,nan,-0.5,-1.5,1,null,GLERL,Ruberg,??,Irina,GLERL,GLOBALSTAR,null,1350645,nan,186430863 brought back to shore on ~12 June,,,,,,,,,,,,,,,,,,,,,
186430864,nan,4312.3,8626.93,nan,nan,-0.5,-1.5,1,null,GLERL,Ruberg,??,Irina,GLERL,GLOBALSTAR,null,1352199,nan,186430864 headed quickly north and came ashore near a sandy beach near Ludington MI on 5 July 201,,,,,,,,,,,,,,,,,,,,,
186430865,nan,4313.03,8627.11,nan,nan,-0.5,-1.5,1,null,GLERL,Ruberg,??,Irina,GLERL,GLOBALSTAR,null,1354816,nan,186430865 headed quickly north and came ashore at Ludinhton State Park Campgrounds on 4th of July,,,,,,,,,,,,,,,,,,,,,
186430866,nan,4311.17,8620.88,nan,nan,-0.5,-1.5,1,null,GLERL,Ruberg,??,Irina,GLERL,GLOBALSTAR,null,1350732,nan,186430866 headed quickly north and came ashore at Silver Lake State Park in early July,,,,,,,,,,,,,,,,,,,,,
186450641,nan,4519.07,6416.62,nan,nan,-3.5,-6.5,-5,null,Acadia_Univ,Sanderson,??,drogue,Acadia_Univ,GLOBALSTAR,null,1368875,nan,Other instruments as deep as 23.3m,,,,,,,,,,,,,,,,,,,,,
187240741,nan,2408.87,7428.67,nan,nan,0,-3,-1.5,null,Jacksonville_Marine_lab,Stalker,,drogue,Jacksonville_Marine_lab,GLOBALSTAR,null,1359223,nan,came ashore in Bahamas,,,,,,,,,,,,,,,,,,,,,
187380751,nan,3818.82,7504.41,nan,nan,0,-0.4,0.2,null,UMaryland,Meng,,Mini,UMaryland,GLOBALSTAR,null,1352491,nan,187380751 ashore same day on Assateague Island,,,,,,,,,,,,,,,,,,,,,
187380752,nan,3823.03,7507.11,nan,nan,0,-0.4,0.2,null,UMaryland,Meng,,Mini,UMaryland,GLOBALSTAR,null,1352512,nan,187380752 ashore same day inside inlet,,,,,,,,,,,,,,,,,,,,,
187380753,nan,3822.59,7507.53,nan,nan,0,-0.4,0.2,null,UMaryland,Meng,,Mini,UMaryland,GLOBALSTAR,null,1352512,nan,187380753 ashore same day inside inlet,,,,,,,,,,,,,,,,,,,,,
187400731,nan,4029.48,7410.96,nan,nan,-0.5,-1.5,1,null,Seton_Hall_Prep_School,Snyder,Evening Tide Kyle Tobias,Irina,Seton_Hall_Prep_School,GLOBALSTAR,null,1377558,nan,187400731 Kyle AGAIN redeployed it but it came ashore 4-5 days later to the east of Princes Bay yet again where Drew Stillman at the NYC Parks department saved it along with John.Kilcullen@parks.nyc.gov in the Conference House,,,,,,,,,,,,,,,,,,,,,
187400732,nan,4040.28,7419.38,nan,nan,0,-1,0.2,null,Seton_Hall_Prep_School,Snyder,Evening Tide Kyle Tobias,Pipe,Seton_Hall_Prep_School,GLOBALSTAR,null,1328684,nan,187400732 went into the Passaic River as a school project but washed ashore quickly,,,,,,,,,,,,,,,,,,,,,
187420701,nan,4216.74,7102.38,nan,nan,-0.5,-1.5,1,null,UMASSB,Chen,kayaks,Irina,UMASSB,GLOBALSTAR,null,941449,nan,187420701 apparently turned with the tide at the mouth of Gulliver Creek but then came ashore with a few hours after,,,,,,,,,,,,,,,,,,,,,
187420702,nan,4216.76,7102.4,nan,nan,-0.5,-1.5,1,null,UMASSB,Chen,kayaks,Irina,UMASSB,GLOBALSTAR,null,948345,nan,187420702 stuck ashore north of the mouth of Gulliver Creek,,,,,,,,,,,,,,,,,,,,,
187420703,nan,4216.76,7102.4,nan,nan,-0.5,-1.5,1,null,UMASSB,Chen,kayaks,Irina,UMASSB,GLOBALSTAR,null,943286,nan,187420703 went up a small channel near the mouth of Gulliver Creek,,,,,,,,,,,,,,,,,,,,,
187420704,nan,4231.69,7046.4,nan,nan,-0.5,-1.5,1,null,SSCW,Flaherty,,Irina,SSCW,GLOBALSTAR,null,1329014,nan,187420704 deployed just east of Baker's Island on 24 July and washed ashore a few days later near the Curtis Estate (Manchester-by-the-Sea) where Emily recovered it.,,,,,,,,,,,,,,,,,,,,,
187430861,nan,4311.68,8626.93,nan,nan,-0.5,-1.5,1,null,GLERL,Ruberg,??,Irina,GLERL,GLOBALSTAR,null,1350732,nan,187430861 came ashore in early August 2018 just south of Muskegon near what appears to be a trailer park,,,,,,,,,,,,,,,,,,,,,
187430862,nan,4311.22,8620.5,nan,nan,-0.5,-1.5,1,null,GLERL,Ruberg,??,Irina,GLERL,GLOBALSTAR,null,1354816,nan,187430862 came ashore at Hoffmaster State Park on 7/21,,,,,,,,,,,,,,,,,,,,,
187430863,nan,4311.13,8634.17,nan,nan,-0.5,-1.5,1,null,GLERL,Ruberg,??,Irina,GLERL,GLOBALSTAR,null,1352199,nan,187430863 came ashore in early August apparently on Silver Lake State Park and driven into the town of Hart,,,,,,,,,,,,,,,,,,,,,
188390711,nan,3924.61,7114.72,nan,nan,-0.5,-1.5,1,null,US_Naval_Sea_Cadets,Thiede,,Irina,US_Naval_Sea_Cadets,GLOBALSTAR,null,1328708,nan,,,,,,,,,,,,,,,,,,,,,,
188410811,nan,4143.9,8141.75,nan,nan,-0.5,-1.5,1,null,GLERL,Ruberg,??,Irina,GLERL,GLOBALSTAR,null,1350740,nan,188410811 ashore on South Bass Island on about 9/25,,,,,,,,,,,,,,,,,,,,,
188410812,nan,4136.19,8138.34,nan,nan,-0.5,-1.5,1,null,GLERL,Ruberg,??,Irina,GLERL,GLOBALSTAR,null,1368848,nan,188410811 ashore on South Bass Island on about 9/25,,,,,,,,,,,,,,,,,,,,,
188410813,nan,4139.98,8139.92,nan,nan,-0.5,-1.5,1,null,GLERL,Ruberg,??,Irina,GLERL,GLOBALSTAR,null,1350645,nan,188410813 apparently recovered by mariner on 9/12 and redeployed several hours later far away,,,,,,,,,,,,,,,,,,,,,
188410831,nan,4146.12,8319.62,nan,nan,-0.5,-1.5,1,null,GLERL,Ruberg,??,Irina,GLERL,GLOBALSTAR,null,1354816,nan,188410831 recovered 8/30,,,,,,,,,,,,,,,,,,,,,
188410832,nan,4148.2,8322.7,nan,nan,-0.5,-1.5,1,null,GLERL,Ruberg,??,Irina,GLERL,GLOBALSTAR,null,1352220,nan,188410832 recovered 8/30,,,,,,,,,,,,,,,,,,,,,
188470861,nan,4707.5,8652.24,nan,nan,-0.5,-1.5,1,null,GLERL,Ruberg,??,Irina,GLERL,GLOBALSTAR,null,1329259,nan,188410811 ashore on South Bass Island on about 9/25,,,,,,,,,,,,,,,,,,,,,
188470862,nan,4701.22,8556.16,nan,nan,-0.5,-1.5,1,null,GLERL,Ruberg,??,Irina,GLERL,GLOBALSTAR,null,1328528,nan, 188470862 washed up on White Fish Point in early November,,,,,,,,,,,,,,,,,,,,,
188470863,nan,4701.26,8556.22,nan,nan,-0.5,-1.5,1,null,GLERL,Ruberg,??,Irina,GLERL,GLOBALSTAR,null,1352199,nan,,,,,,,,,,,,,,,,,,,,,,
188470864,nan,4701.16,8556.13,nan,nan,-0.5,-1.5,1,null,GLERL,Ruberg,??,Irina,GLERL,GLOBALSTAR,null,1328301,nan,,,,,,,,,,,,,,,,,,,,,,
188470865,nan,4707.48,8652.21,nan,nan,-0.5,-1.5,1,null,GLERL,Ruberg,??,Irina,GLERL,GLOBALSTAR,null,1328509,nan,,,,,,,,,,,,,,,,,,,,,,
188470866,nan,4707.51,8652.24,nan,nan,-0.5,-1.5,1,null,GLERL,Ruberg,??,Irina,GLERL,GLOBALSTAR,null,1328308,nan, 188470866 washed up on Leach Island in 12 Dec 2018,,,,,,,,,,,,,,,,,,,,,
189410811,nan,4159.52,8308.15,nan,nan,-0.5,-1.5,1,null,GLERL,Ruberg,??,Irina,GLERL,GLOBALSTAR,null,1350645,nan, 189410811 redeployed unit,,,,,,,,,,,,,,,,,,,,,
189410831,nan,4143.73,8320.08,nan,nan,-0.5,-1.5,1,null,GLERL,Ruberg,??,Irina,GLERL,GLOBALSTAR,null,1354816,nan,189410831 ashore on Pt Place on the Ohio Michigan line on about 9/25,,,,,,,,,,,,,,,,,,,,,
189410832,nan,4145.82,8319.77,nan,nan,-0.5,-1.5,1,null,GLERL,Ruberg,??,Irina,GLERL,GLOBALSTAR,null,1352220,nan,189410832 ...,,,,,,,,,,,,,,,,,,,,,
190320801,nan,3153.59,8053.48,nan,nan,-0.5,-1.5,1,null,Savannah_State,Hintz,,Irina,Savannah_State,GLOBALSTAR,null,3332337,nan,190320801 recirculating in North Atlantic died 16 Aug 2020,,,,,,,,,,,,,,,,,,,,,
190320802,nan,3152.31,8049.75,nan,nan,-0.5,-1.5,1,null,Oglethorpe_Charter_School,Wells,,Irina,Oglethorpe_Charter_School,GLOBALSTAR,null,3332237,nan,190320802 died in Feb 2020,,,,,,,,,,,,,,,,,,,,,
190320803,nan,3153.53,8053.54,nan,nan,-0.5,-1.5,1,null,Oglethorpe_Charter_School,Wells,,Irina,Oglethorpe_Charter_School,GLOBALSTAR,null,3331325,nan,190320803 died 31 Jan 2020,,,,,,,,,,,,,,,,,,,,,
190410701,nan,4150.28,7011.65,nan,nan,-0.5,-1.5,1,null,Boston_College_High_School,Gourlis,??,Irina,Boston_College_High_School,GLOBALSTAR,null,1367839,nan,190410701 landed on Great island in Wellfleet,,,,,,,,,,,,,,,,,,,,,
190410702,nan,4149.87,7012.05,nan,nan,-0.5,-1.5,1,null,URI_WBWS,Page,Albatross,Irina,URI_WBWS,GLOBALSTAR,null,1350866,nan,,,,,,,,,,,,,,,,,,,,,,
190410703,nan,4148.85,7012.92,nan,nan,-997.5,-1000.5,-999,null,URI_WBWS,Page,Albatross,drogue,URI_WBWS,GLOBALSTAR,null,1352485,nan,,,,,,,,,,,,,,,,,,,,,,
190410705,nan,4153.77,7007.89,nan,nan,-0.5,-1.5,1,null,GOMI_Bethleham_NH_Elementary,Hal,??,Irina,GOMI_Bethleham_NH_Elementary,GLOBALSTAR,null,3329687,nan,,,,,,,,,,,,,,,,,,,,,,
190410708,nan,4153.82,7007.92,nan,nan,-997.5,-1000.5,-999,null,URI_WBWS,Page,??,drogue,URI_WBWS,GLOBALSTAR,null,1367074,nan,,,,,,,,,,,,,,,,,,,,,,
190410709,nan,4153.9,7007.93,nan,nan,-997.5,-1000.5,-999,null,URI_WBWS,Page,??,drogue,URI_WBWS,GLOBALSTAR,null,1367843,nan,,,,,,,,,,,,,,,,,,,,,,
190420701,nan,4237.5,7029.44,nan,nan,999,999,999,null,Wellan_Montessori_Newton_MA,Lucier,??,unknown,Wellan_Montessori_Newton_MA,GLOBALSTAR,null,3329681,nan,190420702 made it beyond Grand Banks  healthy and upright,,,,,,,,,,,,,,,,,,,,,
190440691,nan,4348.27,6944.89,nan,nan,0,-0.5,0.25,null,UMAINE_GH,Hillyer,,Bucket,UMAINE_GH,GLOBALSTAR,null,1356843,nan,,,,,,,,,,,,,,,,,,,,,,
190440693,nan,4454.02,6840.02,nan,nan,0,-0.5,0.25,null,UMAINE_GH,Hillyer,,Bucket,UMAINE_GH,GLOBALSTAR,null,1356838,nan,,,,,,,,,,,,,,,,,,,,,,
190451702,nan,4554.74,17053.41,nan,nan,-11.5,-14.5,-13,null,University_Otago,Smith,??,drogue,University_Otago,GLOBALSTAR,null,1375818,nan,,,,,,,,,,,,,,,,,,,,,,
190451703,nan,4554.76,17053.35,nan,nan,-11.5,-14.5,-13,null,University_Otago,Smith,??,drogue,University_Otago,GLOBALSTAR,null,1375943,nan,,,,,,,,,,,,,,,,,,,,,,
190451704,nan,4554.76,17053.36,nan,nan,-11.5,-14.5,-13,null,University_Otago,Smith,??,drogue,University_Otago,GLOBALSTAR,null,1376290,nan,,,,,,,,,,,,,,,,,,,,,,
190451705,nan,4554.76,17053.41,nan,nan,-11.5,-14.5,-13,null,University_Otago,Smith,??,drogue,University_Otago,GLOBALSTAR,null,1375573,nan,,,,,,,,,,,,,,,,,,,,,,
190451706,nan,4554.67,17053.63,nan,nan,-11.5,-14.5,-13,null,University_Otago,Smith,??,drogue,University_Otago,GLOBALSTAR,null,1374121,nan,,,,,,,,,,,,,,,,,,,,,,
193410691,nan,2946.72,8820.33,nan,nan,-0.5,-1.5,1,null,Principia_College,Farson,R/V Jim Franks,Irina,Principia_College,GLOBALSTAR,null,1375997,nan,193410691 went silent 5/28193410693 went silent 5/26,,,,,,,,,,,,,,,,,,,,,
193410693,nan,2946.74,8820.35,nan,nan,-0.5,-1.5,1,null,Principia_College,Farson,R/V Jim Franks,Irina,Principia_College,GLOBALSTAR,null,1374547,nan,193410691 went silent 5/28193410693 went silent 5/26,,,,,,,,,,,,,,,,,,,,,
193420701,nan,4259.89,7027.19,nan,nan,-0.5,-1.5,1,null,Meridian_Academy_High,Greenwood,Jeff White,Irina,Meridian_Academy_High,GLOBALSTAR,null,1329326,nan,193420701 died 12/31 mid-ocean193420702 died 10/27 SE of Grand Banks,,,,,,,,,,,,,,,,,,,,,
193420702,nan,4301.03,7028.72,nan,nan,-0.5,-1.5,1,null,Meridian_Academy_High,Greenwood,Jeff White,Irina,Meridian_Academy_High,GLOBALSTAR,null,1328941,nan,193420701 died 12/31 mid-ocean193420702 died 10/27 SE of Grand Banks,,,,,,,,,,,,,,,,,,,,,
196320641,nan,3222.35,6455.13,nan,nan,-0.5,-1.5,1,null,Waterstart,Fox,Polaris,Irina,Waterstart,GLOBALSTAR,null,1329017,nan,196320641 made several loops around Bermuda evidently stuck in the triangle for nearly a year,,,,,,,,,,,,,,,,,,,,,
196390731,nan,4029.99,7400.69,nan,nan,-0.5,-1.5,1,null,SHCSH,Frank,??,Irina,SHCSH,GLOBALSTAR,null,1379437,nan,not processed by NOAA,,,,,,,,,,,,,,,,,,,,,
196410711,nan,3801.6,7430.36,nan,nan,-0.5,-1.5,1,null,Falmouth_MA_High_School,Milliken,F/V Kathy Ann,Irina,Falmouth_MA_High_School,GLOBALSTAR,null,3329709,nan,196410711 died late August beyond Grand banks,,,,,,,,,,,,,,,,,,,,,
196410721,nan,4119,7203.63,nan,nan,0,-0.5,0.25,null,Waterford CT  High,O'Conner,Envirolab II - Project Oceanology,Bucket,Waterford CT  High,GLOBALSTAR,null,373510,nan,194410721 oscillated with the tide for a few days west of Block Island until 15 April when it washed up on Sand Hill Cove Beach in Pt Judith,,,,,,,,,,,,,,,,,,,,,
196430861,nan,4311.2,8628.31,nan,nan,-0.5,-1.5,1,null,GLERL,Ruberg,R/V Connecticut,Irina,GLERL,GLOBALSTAR,null,1354816,nan,,,,,,,, still going in January 2020,,,,,,,,,,,,,,
196440671,nan,4442.59,6624.13,nan,nan,-0.5,-1.5,1,null,ECOHAB,McGillicuddy,,Irina,ECOHAB,GLOBALSTAR,null,1367258,nan,,,,,,,,,,,,,,,,,,,,,,
196440672,nan,4442.32,6624.22,nan,nan,-8.5,-11.5,-10,null,ECOHAB,Mcgillicuddy,,drogue,ECOHAB,GLOBALSTAR,null,1377555,nan,,,,,,,,,,,,,,,,,,,,,,
196440673,nan,4445.3,6629.01,nan,nan,-0.5,-1.5,1,null,ECOHAB,McGillicuddy,,Irina,ECOHAB,GLOBALSTAR,null,1367684,nan,,,,,,,,,,,,,,,,,,,,,,
196440674,nan,4445.34,6628.69,nan,nan,-8.5,-11.5,-10,null,ECOHAB,McGillicuddy,,drogue,ECOHAB,GLOBALSTAR,null,1375683,nan,,,,,,,,,,,,,,,,,,,,,,
197440671,nan,4442.01,6624.96,nan,nan,-8.5,-11.5,-10,null,ECOHAB,McGillicuddy,,drogue,ECOHAB,GLOBALSTAR,null,1356422,nan,197440671 drogued landed on Cape Cod in Oct Northeaster but never found,,,,,,,,,,,,,,,,,,,,,
197440672,nan,4444.73,6629.15,nan,nan,-8.5,-11.5,-10,null,ECOHAB,McGillicuddy,,drogue,ECOHAB,GLOBALSTAR,null,1376563,nan,197440672 drogued came ashore near Cape Chignecto (West Advocate Nova Scotia)  recovered drogueless by Doug Morris and Susan Clarke who will mail back transmitter to Erin,,,,,,,,,,,,,,,,,,,,,
197440673,nan,4422.75,6657.6,nan,nan,-8.5,-11.5,-10,null,ECOHAB,McGillicuddy,,drogue,ECOHAB,GLOBALSTAR,null,1376941,nan,drogued deployed south of Grand Manan made it to the Gulf Stream  and died in mid-December,,,,,,,,,,,,,,,,,,,,,
197440674,nan,4442.07,6624.87,nan,nan,-0.5,-1.5,1,null,ECOHAB,McGillicuddy,,Irina,ECOHAB,GLOBALSTAR,null,1377494,nan,recovered by Acadia Univ in October,,,,,,,,,,,,,,,,,,,,,
197440675,nan,4444.79,6629.08,nan,nan,-0.5,-1.5,1,null,ECOHAB,McGillicuddy,,Irina,ECOHAB,GLOBALSTAR,null,1348191,nan,made it all the way to Grand Banks still going in January 2020,,,,,,,,,,,,,,,,,,,,,
198390691,nan,3931.18,6951.98,nan,nan,-0.5,-1.5,1,null,StaceyNSF,Strong,R/V Thompson,Irina,StaceyNSF,GLOBALSTAR,null,1351628,nan,198390691 big loop in a Gulf Stream ring then died south of the Scotian Shelf in mid-Novemebr,,,,,,,,,,,,,,,,,,,,,
199410701,nan,3917.32,7107.42,nan,nan,-0.5,-1.5,1,null,US_Naval_Sea_Cadets,Thiede,,Irina,US_Naval_Sea_Cadets,GLOBALSTAR,null,3336299,nan,With spars secured well with stays and additional flotation it got caught Gulf Stream but then started intermittent reports until ,,,,,,,,,,,,,,,,,,,,,
199410811,nan,4143.72,8141.72,nan,nan,-0.5,-1.5,1,null,GLERL,Ruberg,,Eddie,GLERL,GLOBALSTAR,null,1352220,nan,died offshore after a few weeks,,,,,,,,,,,,,,,,,,,,,
199410812,nan,4139.87,8139.93,nan,nan,-0.5,-1.5,1,null,GLERL,Ruberg,,Eddie,GLERL,GLOBALSTAR,null,1368848,nan, long distance alongshore and died in mid-December,,,,,,,,,,,,,,,,,,,,,
199410813,nan,4136.07,8138.05,nan,nan,-0.5,-1.5,1,null,GLERL,Ruberg,,Eddie,GLERL,GLOBALSTAR,null,1350740,nan,,,,,,,,,,,,,,,,,,,,,,
199450641,nan,4518.57,6413.95,nan,nan,-3.5,-6.5,-5,null,Acadia_Univ,Sanderson,??,drogue,Acadia_Univ,GLOBALSTAR,null,1368875,nan,Other instruments as deep as 23.3m oscillated in the big tide for weeks before grounding in early October 2019 near Halls Harbor,,,,,,,,,,,,,,,,,,,,,
200420701,nan,4249.05,6917.29,nan,nan,-0.5,-1.5,1,null,Governors Academy,Knight,F/V Lady Rebecca,Irina,Governors Academy,GLOBALSTAR,null,3336391,nan,,,,,,,,,,,,,,,,,,,,,,
201451701,nan,4552.78,17059.98,nan,nan,-11.5,-14.5,-13,null,University_Otago,Smith,,drogue,University_Otago,GLOBALSTAR,null,1374324,nan,caught in fishing net 27 June and brought ashore (drogue cut free),,,,,,,,,,,,,,,,,,,,,
201451702,nan,4552.31,17046.49,nan,nan,-11.5,-14.5,-13,null,University_Otago,Smith,,drogue,University_Otago,GLOBALSTAR,null,1375818,nan,decommissioned Sept 2020,,,,,,,,,,,,,,,,,,,,,
201451703,nan,4558.13,17101.19,nan,nan,-11.5,-14.5,-13,null,University_Otago,Smith,,drogue,University_Otago,GLOBALSTAR,null,1375943,nan,decommissioned Sept 2020,,,,,,,,,,,,,,,,,,,,,
201451704,nan,4553.3,17054.85,nan,nan,-11.5,-14.5,-13,null,University_Otago,Smith,,drogue,University_Otago,GLOBALSTAR,null,1376290,nan,decommissioned Sept 2020,,,,,,,,,,,,,,,,,,,,,
201451705,nan,4557.61,17100.44,nan,nan,-11.5,-14.5,-13,null,University_Otago,Smith,,drogue,University_Otago,GLOBALSTAR,null,1375573,nan,decommissioned Sept 2020,,,,,,,,,,,,,,,,,,,,,
201451706,nan,4557.99,17101.27,nan,nan,-11.5,-14.5,-13,null,University_Otago,Smith,,drogue,University_Otago,GLOBALSTAR,null,1374121,nan,decommissioned Sept 2020,,,,,,,,,,,,,,,,,,,,,
202430702,nan,4309.78,7003.77,nan,nan,-0.5,-1.5,1,null,Southern_Maine_Community_College,Tarbox,Captain B (Jeff Putnam),Eddie,Southern_Maine_Community_College,GLOBALSTAR,null,3334425,nan,202430702 Off Georges in June 2020  picked out of the water by tuna fisherman Greg Mayer on F/V Fishin Frenzy out of Oregon Inlet in N. Carolina in Sept 2020 put back a week later  and died mid-November 2020 near NE Seamounts,,,,,,,,,,,,,,,,,,,,,
203400671,nan,4131.46,7040.16,nan,nan,-3.5,-6.5,-5,null,WHOI,Hernandez,??,drogue,WHOI,GLOBALSTAR,null,1377569,nan,,,,,,,,,,,,,,,,,,,,,,
203400672,nan,4131.46,7040.15,nan,nan,-3.5,-6.5,-5,null,WHOI,Hernandez,??,drogue,WHOI,GLOBALSTAR,null,1352724,nan,,,,,,,,,,,,,,,,,,,,,,
203400673,nan,3937.36,7053.14,nan,nan,-3.5,-6.5,-5,null,WHOI,Hernandez,??,drogue,WHOI,GLOBALSTAR,null,1353283,nan,,,,,,,,,,,,,,,,,,,,,,
206430701,nan,4258.07,7032.94,nan,nan,-0.5,-1.5,1,null,Well_National_Estuarine_Reserve,Goldstein,R/V Endeavor,Irina,Well_National_Estuarine_Reserve,GLOBALSTAR,null,3392719,nan,206430701 decommissioned on 9 Dec 2020 well along in the Gulf Stream,,,,,,,,,,,,,,,,,,,,,
206430702,nan,4258.11,7032.86,nan,nan,-0.5,-1.5,1,null,Well_National_Estuarine_Reserve,Goldstein,R/V Endeavor,Irina,Well_National_Estuarine_Reserve,GLOBALSTAR,null,3345916,nan, 206430702 decommissioned on 8 Aug 2020,,,,,,,,,,,,,,,,,,,,,
206430703,nan,4259.24,7041.24,nan,nan,-0.5,-1.5,1,null,Well_National_Estuarine_Reserve,Goldstein,R/V Endeavor,Irina,Well_National_Estuarine_Reserve,GLOBALSTAR,null,3346197,nan,came ashore 7/5 and recovered by Christina at the end of Ocean Ave in Swampscott,,,,,,,,,,,,,,,,,,,,,
206430704,nan,4259.24,7041.24,nan,nan,-0.5,-1.5,1,null,Well_National_Estuarine_Reserve,Goldstein,R/V Endeavor,Irina,Well_National_Estuarine_Reserve,GLOBALSTAR,null,3350330,nan,went dead east of Cape Code on 22 Sep 2020,,,,,,,,,,,,,,,,,,,,,
206430705,nan,4257.01,7026.01,nan,nan,-0.5,-1.5,1,null,Well_National_Estuarine_Reserve,Goldstein,R/V Endeavor,Irina,Well_National_Estuarine_Reserve,GLOBALSTAR,null,3349395,nan,206430705 decommissioned on 8 Aug  2020,,,,,,,,,,,,,,,,,,,,,
206430706,nan,4258.07,7032.94,nan,nan,-0.5,-1.5,1,null,Well_National_Estuarine_Reserve,Goldstein,R/V Endeavor,Irina,Well_National_Estuarine_Reserve,GLOBALSTAR,null,3348667,nan,"206430706 decommissioned on 17 Dec 2020 after it was apparently failing and, based on the track, may not be in one piece",,,,,,,,,,,,,,,,,,,,,
206430707,nan,4258.12,7036.7,nan,nan,-0.5,-1.5,1,null,Well_National_Estuarine_Reserve,Goldstein,R/V Endeavor,Irina,Well_National_Estuarine_Reserve,GLOBALSTAR,null,3346393,nan,206430707 decommissioned on 3 Nov 2020 over the NE Seamounts,,,,,,,,,,,,,,,,,,,,,
206430708,nan,4257.01,7026.01,nan,nan,-0.5,-1.5,1,null,Well_National_Estuarine_Reserve,Goldstein,R/V Endeavor,Irina,Well_National_Estuarine_Reserve,GLOBALSTAR,null,3350567,nan,206430708 decommissioned on 8 Aug 2020,,,,,,,,,,,,,,,,,,,,,
206430709,nan,4259.25,7041.22,nan,nan,-0.5,-1.5,1,null,Well_National_Estuarine_Reserve,Goldstein,R/V Endeavor,Irina,Well_National_Estuarine_Reserve,GLOBALSTAR,null,3346546,nan,,,,,,,,,,,,,,,,,,,,2064307021 decommissioned on 8 Aug 2020,2064307022 came ashore 6/30 and recovered under dock in Newburyport ,2064307023 decommissioned on 8 Aug 2020
210430702,nan,4256.92,7027.28,nan,nan,999,999,999,null,Wellan Montessori,Annie Radigan,Jeff White,unknown,Wellan Montessori,GLOBALSTAR,null,3391588,nan,210430702 came ashore the next day on York Beach,,,,,,,,,,,,,,,,,,,,,
220280791,nan,3021.7,8117.8,nan,nan,-0.5,-1.5,1,null,Jacksonville Marine Lab,J Stalker,Crowley cargo ship,Irina,Jacksonville Marine Lab,GLOBALSTAR,null,3351589,nan,220280791 classic river plume flow to the south and on the beach within a few days with story in the news,,,,,,,,,,,,,,,,,,,,,
220280792,nan,3021.4,8117.66,nan,nan,-0.5,-1.5,1,null,Jacksonville Marine Lab,J Stalker,Crowley cargo ship,Irina,Jacksonville Marine Lab,GLOBALSTAR,null,3342429,nan,220280792 classic river plume flow to the south and on the beach within a few days with story in the news,,,,,,,,,,,,,,,,,,,,,
220280795,nan,3016.97,8117.25,nan,nan,-0.5,-1.5,1,null,Jacksonville Marine Lab,J Stalker,Crowley cargo ship,Irina,Jacksonville Marine Lab,GLOBALSTAR,null,3351586,nan,220280795 - classic river plume flow to the south and on the beach within a few days with story in the news,,,,,,,,,,,,,,,,,,,,,
220280796,nan,3021.93,8118.01,nan,nan,-0.5,-1.5,1,null,Jacksonville Marine Lab,J Stalker,Crowley cargo ship,Irina,Jacksonville Marine Lab,GLOBALSTAR,null,3350345,nan,220280796 - classic river plume flow to the south and on the beach within a few days with story in the news,,,,,,,,,,,,,,,,,,,,,
220860441,nan,4521.72,8624.74,nan,nan,-0.5,-1.5,1,null,Great Lake Environmental Research Lab,Steve Ruberg,??,Eddie,Great Lake Environmental Research Lab,GLOBALSTAR,null,1350645,nan,220860441 came ashore late November near Point Betsie,,,,,,,,,,,,,,,,,,,,,
222280791,nan,2927.1,7932.06,nan,nan,-0.5,-1.5,1,null,Jacksonville Marine Lab,J Stalker,Crowley Cargo Ship,Irina,Jacksonville Marine Lab,GLOBALSTAR,null,3352167,nan,222280792  short lived,,,,,,,,,,,,,,,,,,,,,
222280792,nan,2927,7933.02,nan,nan,-0.5,-1.5,1,null,Jacksonville Marine Lab,J Stalker,Crowley Cargo Ship,Irina,Jacksonville Marine Lab,GLOBALSTAR,null,3351983,nan,222280792  short lived,,,,,,,,,,,,,,,,,,,,,
222400681,nan,4025.71,6809.11,nan,nan,999,999,999,null,Wellan Montessori,Annie Radigan,F/V Miss Julie,turtle,Wellan Montessori,GLOBALSTAR,null,3391588,nan,222400681 south of the Azores in Nov 2022 and died approaching Portugal mainland,,,,,,,,,,,,,,,,,,,,,
224400691,nan,3640.05,3432.73,nan,nan,999,999,0.2,null,Seton Hall Prep High,David Snyder,F/V Nathaniel Lee,mini,Seton Hall Prep High,GLOBALSTAR,null,4511733,nan,,,,,,,,,,,,,,,,,,,,,,
225501441,nan,5159.85,14033.61,nan,nan,999,999,0.2,null,Seton Hall Prep High,David Snyder,F/V Nathaniel Lee,mini,Seton Hall Prep High,GLOBALSTAR,null,4512473,nan,,,,,,,,,,,,,,,,,,,,,,
228400692,nan,4004.27,6913.46,nan,nan,999,999,0.2,null,Seton Hall Prep High,David Snyder,F/V Nathaniel Lee,mini,Seton Hall Prep High,GLOBALSTAR,null,3362619,nan,228400692  separated by several hundred miles after a few months,,,,,,,,,,,,,,,,,,,,,
233410701,nan,4149.84,7025.03,nan,nan,-0.5,-1.5,1,null,Southern Maine Community College,Brian Tarbox,Captain B,Eddie,Southern Maine Community College,GLOBALSTAR,null,1350310,nan,233430701 as seen being tested by students,,,,,,,,,,,,,,,,,,,,,
1674207013,nan,4229.53,7049.19,nan,nan,-0.5,-1.5,1,null,LEAP,Kathy,???,Irina,LEAP,GLOBALSTAR,null,1368780,nan,,,,,,,,,,,,,,,,,,,,,,
1733807513,nan,3819.65,7505.49,nan,nan,-0.5,-1.5,1,null,UMaryland,Meng,,Irina,UMaryland,GLOBALSTAR,null,1350665,nan,,,,,,,,,,,,,,,,,,,,,,
1733807517,nan,3756.49,7522.34,nan,nan,-0.5,-1.5,1,null,UMaryland,Meng,,Irina,UMaryland,GLOBALSTAR,null,1350672,nan,,,,,,,,,,,,,,,,,,,,,,
1743807510,nan,3819.65,7505.51,nan,nan,0,-0.4,0.2,null,UMaryland,Meng,,Mini,UMaryland,GLOBALSTAR,null,1350604,nan,,,,,,,,,,,,,,,,,,,,,,
1743807512,nan,3819.62,7505.83,nan,nan,0,-0.4,0.2,null,UMaryland,Meng,,Mini,UMaryland,GLOBALSTAR,null,1350766,nan,,,,,,,,,,,,,,,,,,,,,,
1743807514,nan,3819.06,7504.52,nan,nan,0,-0.4,0.2,null,UMaryland,Meng,,Mini,UMaryland,GLOBALSTAR,null,1350768,nan,,,,,,,,,,,,,,,,,,,,,,
1743807515,nan,3819.92,7505.43,nan,nan,0,-0.4,0.2,null,UMaryland,Meng,,Mini,UMaryland,GLOBALSTAR,null,1349124,nan,,,,,,,,,,,,,,,,,,,,,,
1743807516,nan,3819.5,7505.71,nan,nan,0,-0.4,0.2,null,UMaryland,Meng,,Mini,UMaryland,GLOBALSTAR,null,1350767,nan,,,,,,,,,,,,,,,,,,,,,,
1743807520,nan,3812.46,7542.16,nan,nan,0,-0.4,0.2,null,UMaryland,Meng,,Mini,UMaryland,GLOBALSTAR,null,1352503,nan,,,,,,,,,,,,,,,,,,,,,,
1743807523,nan,3819.1,7504.61,nan,nan,0,-0.4,0.2,null,UMaryland,Meng,,Mini,UMaryland,GLOBALSTAR,null,1350771,nan,,,,,,,,,,,,,,,,,,,,,,
1743807524,nan,3812.47,7542.17,nan,nan,0,-0.4,0.2,null,UMaryland,Meng,,Mini,UMaryland,GLOBALSTAR,null,1352491,nan,,,,,,,,,,,,,,,,,,,,,,
1774306710,nan,4512.86,6608.66,nan,nan,0,-1,0.2,null,Univ of New Brunswick,Quinn/Rouchette,???,Pipe,Univ of New Brunswick,GLOBALSTAR,null,3103927,nan,,,,,,,,,,,,,,,,,,,,,,
1774306711,nan,4510.07,6609.52,nan,nan,0,-1,0.2,null,Univ of New Brunswick,Quinn/Rouchette,???,Pipe,Univ of New Brunswick,GLOBALSTAR,null,3106120,nan,,,,,,,,,,,,,,,,,,,,,,
1774306712,nan,4504.36,6630.16,nan,nan,0,-1,0.2,null,Univ of New Brunswick,Quinn/Rouchette,???,Pipe,Univ of New Brunswick,GLOBALSTAR,null,3106829,nan,,,,,,,,,,,,,,,,,,,,,,
1774406910,nan,4404.02,6922.66,nan,nan,0,-0.5,0.25,null,UMAINE_GH,Hillyer,???,Bucket,UMAINE_GH,GLOBALSTAR,null,1356841,nan,,,,,,,,,,,,,,,,,,,,,,
1774406911,nan,4404.03,6922.74,nan,nan,0,-0.5,0.25,null,UMAINE_GH,Hillyer,???,Bucket,UMAINE_GH,GLOBALSTAR,null,1359192,nan,,,,,,,,,,,,,,,,,,,,,,
1774406912,nan,4404.01,6922.62,nan,nan,0,-0.5,0.25,null,UMAINE_GH,Hillyer,???,Bucket,UMAINE_GH,GLOBALSTAR,null,1354109,nan,,,,,,,,,,,,,,,,,,,,,,
1774406913,nan,4404.03,6922.7,nan,nan,0,-0.5,0.25,null,UMAINE_GH,Hillyer,???,Bucket,UMAINE_GH,GLOBALSTAR,null,1356838,nan,,,,,,,,,,,,,,,,,,,,,,
1774406914,nan,4404,6922.64,nan,nan,0,-0.5,0.25,null,UMAINE_GH,Hillyer,,Bucket,UMAINE_GH,GLOBALSTAR,null,1356843,nan,,,,,,,,,,,,,,,,,,,,,,
1774406915,nan,4404.03,6922.75,nan,nan,0,-0.5,0.25,null,UMAINE_GH,Hillyer,,Bucket,UMAINE_GH,GLOBALSTAR,null,1357538,nan,,,,,,,,,,,,,,,,,,,,,,
1904107010,nan,4153.76,7007.93,nan,nan,-0.5,-1.5,1,null,Falmouth_MA_High_URI_WBWS,Page,??,Irina,Falmouth_MA_High_URI_WBWS,GLOBALSTAR,null,1352216,nan,,,,,,,,,,,,,,,,,,,,,,
1904107012,nan,4153.8,7007.72,nan,nan,-997.5,-1000.5,-999,null,URI_WBWS,Page,??,drogue,URI_WBWS,GLOBALSTAR,null,1367212,nan,,,,,,,,,,,,,,,,,,,,,,
1904107013,nan,4153.83,7008.02,nan,nan,-0.5,-1.5,1,null,URI_WBWS,Page,??,Irina,URI_WBWS,GLOBALSTAR,null,1350769,nan,,,,,,,,,,,,,,,,,,,,,,
1904107015,nan,4155.29,7004.39,nan,nan,-997.5,-1000.5,-999,null,URI_WBWS,Page,??,drogue,URI_WBWS,GLOBALSTAR,null,1352814,nan,,,,,,,,,,,,,,,,,,,,,,
1904107016,nan,4153.9,7007.4,nan,nan,-0.5,-1.5,1,null,Falmouth_MA_High_URI_WBWS,Page,??,Irina,Falmouth_MA_High_URI_WBWS,GLOBALSTAR,null,1352216,nan,,,,,,,,,,,,,,,,,,,,,,
1904107018,nan,4145.89,7009.34,nan,nan,-997.5,-1000.5,-999,null,URI_WBWS,Page,??,drogue,URI_WBWS,GLOBALSTAR,null,1367074,nan,,,,,,,,,,,,,,,,,,,,,,
1904107019,nan,4153.12,7008.33,nan,nan,-0.5,-1.5,1,null,GOMI_Bethleham_NH_Elementary_2,Hal,??,Irina,GOMI_Bethleham_NH_Elementary_2,GLOBALSTAR,null,3329687,nan,,,,,,,,,,,,,,,,,,,,,,
2064307010,nan,4258.07,7032.94,nan,nan,-0.5,-1.5,1,null,Well_National_Estuarine_Reserve,Goldstein,R/V Endeavor,Irina,Well_National_Estuarine_Reserve,GLOBALSTAR,null,3349383,nan,2064307010 went dead on Jeffries Ledge on 7/10/2020,,,,,,,,,,,,,,,,,,,,,
2064307011,nan,4257.01,7026.01,nan,nan,-0.5,-1.5,1,null,Well_National_Estuarine_Reserve,Goldstein,R/V Endeavor,Irina,Well_National_Estuarine_Reserve,GLOBALSTAR,null,3345719,nan,2064307011 went dead in warm core ring on 9/25/2020,,,,,,,,,,,,,,,,,,,,,
2064307012,nan,4258.12,7036.7,nan,nan,-0.5,-1.5,1,null,Well_National_Estuarine_Reserve,Goldstein,R/V Endeavor,Irina,Well_National_Estuarine_Reserve,GLOBALSTAR,null,3348232,nan,,,,,,,, may not be in one piece.,206430707 decommissioned on 3 Nov 2020 over the NE Seamounts,206430708 decommissioned on 8 Aug 2020,2064307010 went dead on Jeffries Ledge on 7/10/2020,2064307011 went dead in warm core ring on 9/25/2020,2064307015 decommissioned on 24 Nov 2020 after spinning in a Gulf Stream Ring for a few weeks,22064307017 went dead in Boston shipping lane 7/9/2020,22064307018 went dead near Jefferies Ledge on 9/16/2020,2064307019 came ashore 6/28 and recovered near Rye Harbor,2064307020 came in an out of  Newburyport Harbor on 6/30,eventually came ashore at the Gothwait Reservation near Marblehead, and recovered by their harbor master office ,2064307021 decommissioned on 8 Aug 2020,2064307022 came ashore 6/30 and recovered under dock in Newburyport ,2064307023 decommissioned on 8 Aug 2020
2064307013,nan,4258.07,7032.94,nan,nan,-0.5,-1.5,1,null,Well_National_Estuarine_Reserve,Goldstein,R/V Endeavor,Irina,Well_National_Estuarine_Reserve,GLOBALSTAR,null,3348620,nan,,,,,,,, may not be in one piece.,206430707 decommissioned on 3 Nov 2020 over the NE Seamounts,206430708 decommissioned on 8 Aug 2020,2064307010 went dead on Jeffries Ledge on 7/10/2020,2064307011 went dead in warm core ring on 9/25/2020,2064307015 decommissioned on 24 Nov 2020 after spinning in a Gulf Stream Ring for a few weeks,22064307017 went dead in Boston shipping lane 7/9/2020,22064307018 went dead near Jefferies Ledge on 9/16/2020,2064307019 came ashore 6/28 and recovered near Rye Harbor,2064307020 came in an out of  Newburyport Harbor on 6/30,eventually came ashore at the Gothwait Reservation near Marblehead, and recovered by their harbor master office ,2064307021 decommissioned on 8 Aug 2020,2064307022 came ashore 6/30 and recovered under dock in Newburyport ,2064307023 decommissioned on 8 Aug 2020
2064307014,nan,4258.12,7036.76,nan,nan,-0.5,-1.5,1,null,Well_National_Estuarine_Reserve,Goldstein,R/V Endeavor,Irina,Well_National_Estuarine_Reserve,GLOBALSTAR,null,3352889,nan,,,,,,,, may not be in one piece.,206430707 decommissioned on 3 Nov 2020 over the NE Seamounts,206430708 decommissioned on 8 Aug 2020,2064307010 went dead on Jeffries Ledge on 7/10/2020,2064307011 went dead in warm core ring on 9/25/2020,2064307015 decommissioned on 24 Nov 2020 after spinning in a Gulf Stream Ring for a few weeks,22064307017 went dead in Boston shipping lane 7/9/2020,22064307018 went dead near Jefferies Ledge on 9/16/2020,2064307019 came ashore 6/28 and recovered near Rye Harbor,2064307020 came in an out of  Newburyport Harbor on 6/30,eventually came ashore at the Gothwait Reservation near Marblehead, and recovered by their harbor master office ,2064307021 decommissioned on 8 Aug 2020,2064307022 came ashore 6/30 and recovered under dock in Newburyport ,2064307023 decommissioned on 8 Aug 2020
2064307015,nan,4258.11,7032.85,nan,nan,-0.5,-1.5,1,null,Well_National_Estuarine_Reserve,Goldstein,R/V Endeavor,Irina,Well_National_Estuarine_Reserve,GLOBALSTAR,null,3346533,nan,2064307015 decommissioned on 24 Nov 2020 after spinning in a Gulf Stream Ring for a few weeks,,,,,,,,,,,,,,,,,,,,,
2064307016,nan,4257.01,7026.01,nan,nan,-0.5,-1.5,1,null,Well_National_Estuarine_Reserve,Goldstein,R/V Endeavor,Irina,Well_National_Estuarine_Reserve,GLOBALSTAR,null,3345720,nan,,,,,,,, may not be in one piece.,206430707 decommissioned on 3 Nov 2020 over the NE Seamounts,206430708 decommissioned on 8 Aug 2020,2064307010 went dead on Jeffries Ledge on 7/10/2020,2064307011 went dead in warm core ring on 9/25/2020,2064307015 decommissioned on 24 Nov 2020 after spinning in a Gulf Stream Ring for a few weeks,22064307017 went dead in Boston shipping lane 7/9/2020,22064307018 went dead near Jefferies Ledge on 9/16/2020,2064307019 came ashore 6/28 and recovered near Rye Harbor,2064307020 came in an out of  Newburyport Harbor on 6/30,eventually came ashore at the Gothwait Reservation near Marblehead, and recovered by their harbor master office ,2064307021 decommissioned on 8 Aug 2020,2064307022 came ashore 6/30 and recovered under dock in Newburyport ,2064307023 decommissioned on 8 Aug 2020
2064307017,nan,4258.11,7036.82,nan,nan,-0.5,-1.5,1,null,Well_National_Estuarine_Reserve,Goldstein,R/V Endeavor,Irina,Well_National_Estuarine_Reserve,GLOBALSTAR,null,3348815,nan,22064307017 went dead in Boston shipping lane 7/9/2020,,,,,,,,,,,,,,,,,,,,,
2064307018,nan,4258.01,7036.82,nan,nan,-0.5,-1.5,1,null,Well_National_Estuarine_Reserve,Goldstein,R/V Endeavor,Irina,Well_National_Estuarine_Reserve,GLOBALSTAR,null,3350694,nan,22064307018 went dead near Jefferies Ledge on 9/16/2020,,,,,,,,,,,,,,,,,,,,,
2064307019,nan,4259.24,7041.23,nan,nan,-0.5,-1.5,1,null,Well_National_Estuarine_Reserve,Goldstein,R/V Endeavor,Irina,Well_National_Estuarine_Reserve,GLOBALSTAR,null,3350696,nan,2064307019 came ashore 6/28 and recovered near Rye Harbor,,,,,,,,,,,,,,,,,,,,,
2064307020,nan,4259.24,7041.24,nan,nan,-0.5,-1.5,1,null,Well_National_Estuarine_Reserve,Goldstein,R/V Endeavor,Irina,Well_National_Estuarine_Reserve,GLOBALSTAR,null,3346103,nan,2064307020 came in an out of  Newburyport Harbor on 6/30,,,,,,,,,,,,,,,,,,,,,
2064307021,nan,4258.12,7036.77,nan,nan,-0.5,-1.5,1,null,Well_National_Estuarine_Reserve,Goldstein,R/V Endeavor,Irina,Well_National_Estuarine_Reserve,GLOBALSTAR,null,3346272,nan,2064307021 decommissioned on 8 Aug 2020,,,,,,,,,,,,,,,,,,,,,
2064307022,nan,4259.24,7041.21,nan,nan,-0.5,-1.5,1,null,Well_National_Estuarine_Reserve,Goldstein,R/V Endeavor,Irina,Well_National_Estuarine_Reserve,GLOBALSTAR,null,3353544,nan,2064307022 came ashore 6/30 and recovered under dock in Newburyport ,,,,,,,,,,,,,,,,,,,,,
2064307023,nan,4257.03,7025.9,nan,nan,-0.5,-1.5,1,null,Well_National_Estuarine_Reserve,Goldstein,R/V Endeavor,Irina,Well_National_Estuarine_Reserve,GLOBALSTAR,null,3353919,nan,2064307023 decommissioned on 8 Aug 2020,,,,,,,,,,,,,,,,,,,,,
2064307024,nan,4257.01,7026.01,nan,nan,-0.5,-1.5,1,null,Well_National_Estuarine_Reserve,Goldstein,R/V Endeavor,Irina,Well_National_Estuarine_Reserve,GLOBALSTAR,null,3348587,nan,,,,,,,,,,,,,,,,,,,,,,
